Garage_Cars,Year_Built,Total_Bsmt_SF,Wood_Deck_SF,No_Fireplace,Lot_Area,Second_Flr_SF,Garage_Area,Longitude,Bsmt_Unf_SF
2,1996,691,0,1,7875,862,420,-93.637865,277
1,1910,481,0,1,6756,0,200,-93.615031,481
3,1916,624,0,1,4571,720,513,-93.618296,624
1,1968,890,0,1,8450,0,308,-93.670997,0
1,1941,1528,0,0,10452,908,312,-93.640041,850
1,1950,768,0,1,6000,560,308,-93.608866,384
3,2003,2392,248,0,13472,0,968,-93.65604,2336
2,2004,956,0,1,10142,1128,618,-93.692309,300
1,1956,1008,0,0,10533,0,313,-93.61818199999999,235
1,1963,1040,0,1,7500,0,308,-93.672067,216
0,1961,1800,0,1,8000,0,0,-93.606746,1800
2,1963,1728,0,1,9100,0,504,-93.675963,396
2,2007,728,100,0,9018,728,400,-93.645732,728
1,1962,864,0,1,7000,0,336,-93.604568,396
2,1998,1463,0,1,14753,0,539,-93.691355,513
3,2006,1063,192,0,14154,1101,947,-93.654774,1063
1,1953,0,208,1,9533,0,616,-93.618607,0
3,2008,1751,216,0,11778,0,874,-93.686789,598
1,1954,1056,390,1,9250,0,260,-93.6168658,108
2,1910,1077,120,0,10818,779,648,-93.612266,1077
2,1900,676,0,1,14235,614,484,-93.6801805,676
2,1954,894,0,1,9450,0,400,-93.665875,342
2,1920,684,0,1,12354,512,528,-93.657963,684
1,1920,715,55,0,12513,457,368,-93.619029,715
3,2003,2200,208,0,15262,0,685,-93.6552449,643
0,1962,1728,0,1,13260,0,0,-93.622904,228
1,1955,0,0,0,7200,0,392,-93.611642,0
2,2004,847,100,0,12393,1101,434,-93.687685,847
3,2008,1254,168,1,10324,0,810,-93.69157,382
2,2004,848,140,1,4426,0,420,-93.68369,186
2,1992,1449,150,0,16698,815,525,-93.67929699999999,649
1,1961,1029,64,1,7943,0,261,-93.669741,126
1,1938,884,64,1,9260,442,225,-93.63949699999999,884
1,1925,960,0,1,6120,0,264,-93.62256500000001,960
2,2008,1600,162,0,5587,0,482,-93.616242,120
3,2006,1108,120,0,13440,1402,670,-93.65627020000001,1108
2,1969,1288,312,0,9600,0,502,-93.632537,588
1,1970,546,0,1,1533,546,286,-93.6019,138
2,2006,384,100,1,9735,640,400,-93.649475,384
3,1995,1462,0,0,15138,1304,810,-93.657163,773
2,1968,2110,0,0,11160,0,522,-93.61731999999999,1045
1,1946,407,76,1,7311,0,297,-93.606764,407
2,1936,796,436,0,10800,370,566,-93.613899,170
2,1916,844,0,1,11888,689,441,-93.62725999999999,844
3,2004,1143,192,0,9591,1330,852,-93.654689,1143
1,1951,1080,0,0,11100,400,253,-93.66056999999999,0
2,1977,506,292,0,8471,0,492,-93.677012,0
3,2008,1694,160,1,10475,0,776,-93.69019,1694
1,1978,1152,0,1,10547,0,252,-93.657107,0
1,1947,832,158,1,8480,384,336,-93.6165173,390
3,2006,1626,0,0,11428,0,866,-93.65331,1626
1,1967,1214,0,0,10355,0,318,-93.626518,519
1,1920,939,24,1,6120,574,180,-93.621502,939
1,1977,757,104,0,2665,550,336,-93.603922,36
3,1992,1390,198,0,11134,823,713,-93.652773,261
1,1973,672,144,1,1890,546,264,-93.628656,316
2,1991,1217,0,1,7175,0,484,-93.686267,939
1,1960,958,0,1,12772,0,301,-93.623636,460
1,1963,1059,192,1,8414,0,264,-93.675399,396
1,1935,583,329,0,5707,595,180,-93.646555,583
0,1920,319,0,1,7920,371,0,-93.625289,319
3,1998,1066,120,0,10790,1277,600,-93.649901,1066
2,2004,2208,182,0,7296,0,564,-93.634265,243
2,2006,625,0,1,4251,625,528,-93.646478,625
0,1975,864,0,1,9350,0,0,-93.66506590000002,0
1,1972,864,0,0,15523,0,338,-93.683157,404
2,1972,725,0,1,7472,754,484,-93.626565,99
0,1971,672,201,1,1680,546,0,-93.627328,672
2,2003,764,0,1,2628,862,474,-93.651013,764
2,1992,1575,0,1,8012,0,529,-93.686428,1145
2,1959,1188,0,1,12160,0,531,-93.614882,188
1,1958,874,0,1,11344,650,315,-93.618143,414
1,1945,780,0,1,6430,524,440,-93.64694200000001,0
1,1920,672,0,1,10690,672,468,-93.62529,216
0,1938,585,42,1,12180,468,0,-93.660115,585
2,2005,1090,0,1,7024,0,450,-93.673253,110
2,1976,855,87,0,2280,601,440,-93.624748,289
2,2005,1142,90,1,3010,0,440,-93.642241,1126
2,1975,1040,0,1,4224,0,499,-93.605351,271
2,2004,1500,192,1,8487,0,570,-93.686051,1480
1,1953,1000,0,1,9525,541,305,-93.666096,532
2,1931,952,90,0,6120,752,468,-93.620391,952
2,1953,1809,166,0,21000,0,450,-93.639393,905
2,1977,995,0,0,9720,0,576,-93.6874333,240
1,1938,827,0,1,6900,424,240,-93.6090761,827
2,1934,816,112,0,6240,0,528,-93.623642,816
2,1964,1127,180,0,12095,0,645,-93.626979,563
1,1949,1067,0,0,15600,537,295,-93.640762,248
2,1967,894,0,1,9764,0,450,-93.677945,192
2,1928,784,0,1,9000,0,360,-93.680198,784
2,1965,1068,0,0,15300,0,528,-93.60743000000001,1026
3,2008,1641,0,1,14463,0,885,-93.653039,526
1,1926,644,0,0,8969,644,369,-93.646438,265
3,2003,2846,220,0,14300,0,958,-93.65606700000001,1473
2,1958,585,274,0,19958,0,461,-93.6494462,585
1,1957,1104,120,0,11250,684,304,-93.660877,1104
2,1965,1088,0,0,8658,0,440,-93.608909,445
2,1900,797,192,1,9142,797,420,-93.61844,797
2,1954,1178,280,1,11027,0,452,-93.618462,171
2,2005,1844,165,0,10994,0,620,-93.69139,868
2,2005,1113,0,0,9675,858,689,-93.641251,772
1,1954,1172,240,1,9525,0,366,-93.666097,218
3,2003,1765,268,0,16451,886,795,-93.654914,1765
1,1916,952,0,0,8854,0,192,-93.62611600000001,952
1,1958,1215,0,1,12400,0,297,-93.614059,630
3,2006,1095,192,0,10728,844,1053,-93.642862,1095
1,1994,990,66,1,9757,0,440,-93.692135,235
1,1906,756,57,1,10320,713,216,-93.62458000000001,756
2,1961,1144,0,1,7875,0,456,-93.61786020000001,572
3,1925,2171,631,0,22136,1248,1008,-93.620354,1153
3,2007,1482,0,0,9588,1092,868,-93.690234,1482
1,1920,565,0,0,5520,651,355,-93.624688,497
2,2003,847,120,0,8396,1139,434,-93.640051,847
1,1956,1202,0,1,8750,0,304,-93.61476800000001,565
2,2001,920,0,0,11250,866,608,-93.68895,434
2,2007,920,0,0,12852,860,612,-93.651718,150
2,2000,756,0,1,2980,756,440,-93.645585,290
2,1923,784,0,0,9650,784,599,-93.642886,784
2,2005,1368,132,0,6955,0,474,-93.649553,1368
2,1975,1057,0,0,2280,0,440,-93.625945,0
3,1998,1982,144,0,11675,0,938,-93.651562,322
1,1931,1040,0,0,7758,592,240,-93.628447,816
2,1998,932,0,0,11184,701,460,-93.63900699999999,932
2,2005,1310,0,0,8767,0,400,-93.683758,1286
2,1926,850,0,1,6978,0,576,-93.61896899999999,850
2,1989,807,0,0,11287,807,575,-93.683226,386
2,1998,789,0,0,8402,676,393,-93.63864699999999,789
2,1971,1803,200,0,17597,0,551,-93.643539,581
2,2000,1630,74,0,9750,0,451,-93.68167,1630
2,1977,1208,198,0,11250,0,546,-93.64606500000001,441
2,2001,1257,0,0,10400,871,570,-93.684227,1257
2,1982,816,0,1,6600,0,816,-93.603916,0
3,2006,1732,0,0,15306,0,712,-93.653109,1652
1,1983,816,315,1,6490,0,264,-93.6051072,282
0,1920,931,0,0,5400,0,0,-93.613969,931
2,1937,907,0,1,5925,0,672,-93.60685699999999,739
0,1895,957,0,1,8250,957,0,-93.616969,957
1,1920,290,0,1,8400,0,246,-93.651786,0
2,2007,1338,0,1,8640,0,598,-93.650341,1314
2,1970,630,0,1,2016,672,440,-93.629777,630
1,1958,792,0,1,5470,0,366,-93.6146206,792
2,1935,608,0,0,9670,890,786,-93.64108399999999,398
4,1880,1240,181,0,11700,1320,864,-93.612245,1240
3,2007,1582,178,0,10562,551,789,-93.650917,294
2,1962,0,0,1,9842,0,462,-93.621368,0
1,1949,768,0,0,11409,568,281,-93.66104,476
3,2007,1705,208,0,10637,0,826,-93.688859,417
2,1971,768,138,1,8425,0,576,-93.678149,20
2,1970,1277,0,0,10628,0,526,-93.618503,499
2,1998,1649,0,1,12137,0,598,-93.682686,1649
2,2004,970,0,1,2522,739,380,-93.66996,970
2,1955,864,0,1,8172,0,572,-93.66345799999999,697
2,1977,1126,295,0,17400,0,484,-93.6086884,190
0,2006,1143,0,1,7500,0,0,-93.692245,1143
1,1953,1040,0,1,7942,0,293,-93.61842800000001,0
2,1971,1232,0,0,16500,0,495,-93.627416,270
0,1910,840,0,1,9045,1128,0,-93.608878,840
3,1935,666,0,1,21281,1778,1200,-93.615616,666
0,1925,864,0,1,5604,0,0,-93.656681,396
2,2004,600,0,1,3215,600,480,-93.645599,320
3,2007,895,196,0,12568,923,774,-93.65059699999999,226
1,1967,864,0,1,7130,0,312,-93.62890300000001,216
2,1969,1851,0,0,11727,0,506,-93.617432,1851
3,2008,2271,0,0,11778,0,1348,-93.68698,186
2,1910,264,270,1,9600,664,360,-93.616988,264
2,1978,672,0,0,7844,728,440,-93.672278,463
2,2003,1337,0,1,8450,0,531,-93.686903,638
1,1971,525,0,1,1680,567,264,-93.62728,525
1,1952,980,0,1,6420,0,308,-93.660187,219
2,1910,560,0,1,7200,760,624,-93.613899,560
1,1958,1240,289,0,9600,0,338,-93.614751,0
1,1956,0,0,1,12702,0,308,-93.604486,0
1,1962,1092,0,0,11616,0,288,-93.666432,252
2,1994,832,144,1,14565,825,483,-93.689801,295
2,1984,585,268,0,12090,728,477,-93.637876,585
2,1964,816,0,0,9500,850,540,-93.625632,374
2,2007,768,100,1,15810,728,572,-93.646937,768
2,2003,1405,136,0,3242,0,478,-93.65060799999999,405
2,2005,1734,160,1,11645,0,660,-93.68906700000001,434
3,2003,1896,208,0,12378,0,708,-93.643412,622
3,2008,1858,0,0,10110,0,870,-93.654187,1486
1,1984,864,140,1,10447,0,288,-93.604858,348
3,2010,1856,113,0,11394,0,834,-93.628804,411
0,1924,784,0,1,6130,0,0,-93.62471500000001,0
2,1995,781,413,0,12438,704,473,-93.68830200000001,781
2,1978,804,108,0,2364,744,440,-93.625688,484
1,1955,816,121,1,16466,521,300,-93.66345,816
2,1958,1312,0,0,11355,0,495,-93.605189,675
2,1984,1208,108,1,14145,0,440,-93.638026,995
1,1972,483,0,1,1680,504,288,-93.629456,79
0,1941,693,0,1,4118,0,0,-93.622624,693
1,1959,1019,0,0,11512,0,312,-93.666147,300
1,1977,876,0,1,16300,0,308,-93.684837,399
3,2000,1440,253,0,11050,677,736,-93.682983,536
0,1958,858,117,1,7207,0,0,-93.629287,162
2,2009,1470,0,0,4403,0,484,-93.64688790000001,892
3,1957,1040,0,0,9450,0,768,-93.622635,265
1,1966,1228,0,1,8544,0,271,-93.669465,1228
2,1966,1127,0,1,9020,0,490,-93.6277409,276
1,1970,546,0,1,1894,546,286,-93.602345,294
2,2009,1300,135,1,8640,0,552,-93.650377,364
3,2006,1528,204,0,18062,1862,758,-93.62933699999999,1528
2,2009,756,169,1,8640,783,614,-93.650318,732
1,1977,264,141,0,2665,688,336,-93.604391,264
2,1999,729,0,1,3230,729,440,-93.644205,348
1,1959,960,144,1,6400,0,392,-93.665737,52
1,1927,520,49,1,6324,0,240,-93.624471,520
1,1932,793,0,1,4500,672,281,-93.652027,611
1,1923,624,0,1,8520,0,287,-93.606788,624
2,1962,988,0,1,9100,0,624,-93.67416700000001,952
1,1997,569,0,0,8314,840,434,-93.643373,569
2,1994,712,143,0,10832,809,409,-93.636798,712
2,1999,994,140,0,7500,776,442,-93.63906800000001,994
2,1962,1319,0,0,8400,0,462,-93.61699159999999,1319
1,1970,483,0,1,1869,504,280,-93.629462,162
2,2002,1010,120,0,8068,1257,390,-93.643312,1010
2,1998,952,0,0,7500,684,440,-93.63906899999999,476
2,2009,1212,100,1,10420,0,460,-93.66588759999999,1176
1,1920,637,0,1,11040,439,570,-93.615307,0
2,1963,780,0,0,7056,813,483,-93.604986,380
3,2005,1498,144,0,11645,0,844,-93.689066,1474
3,2004,1158,193,0,10625,1285,744,-93.641233,1158
3,2005,1552,144,1,10084,0,782,-93.684116,1528
1,1947,720,0,1,3500,564,240,-93.61786790000001,408
1,1982,816,168,1,8314,0,264,-93.604146,270
1,1918,912,0,0,7642,514,216,-93.6447083,912
2,1997,964,0,0,13006,1243,642,-93.63787099999999,964
2,2005,1560,196,0,5911,0,556,-93.654138,1088
2,1996,1491,0,0,7777,0,571,-93.64663399999999,1491
2,2007,1838,154,0,11422,0,524,-93.690364,479
2,1976,848,0,0,12046,912,551,-93.631528,692
2,1968,894,0,0,8724,0,450,-93.676681,402
2,1977,1243,375,0,9620,0,473,-93.602823,564
1,1970,630,0,1,1526,0,286,-93.60347900000001,115
3,1981,1842,857,0,50271,0,894,-93.658237,32
1,1962,621,0,1,9360,648,280,-93.66526,297
2,1971,1010,0,1,8816,0,440,-93.682138,506
1,1915,806,0,1,6858,806,216,-93.655653,806
2,1994,990,168,1,9750,0,528,-93.692009,268
2,1920,915,0,0,8731,0,495,-93.627605,270
2,1985,741,192,0,9206,755,476,-93.685001,741
0,1940,1580,0,0,19550,0,0,-93.663123,545
0,1975,945,0,1,9400,0,0,-93.67554799999999,0
2,1893,1237,105,0,13500,1254,880,-93.610008,1237
2,1996,799,158,0,10667,834,550,-93.690401,70
1,1910,771,14,1,10320,504,264,-93.623814,771
1,1969,1104,160,0,13384,0,336,-93.600439,641
2,1910,677,0,1,9600,677,720,-93.61705400000001,677
1,1967,936,405,0,9825,0,384,-93.677545,0
2,1996,821,286,0,9783,955,443,-93.63637800000001,821
1,1956,1005,0,0,11050,0,319,-93.613491,517
2,1974,1053,0,0,10625,0,528,-93.636372,0
2,2005,1220,100,0,3182,0,397,-93.642911,1204
2,1956,1073,0,0,14115,0,470,-93.642884,230
2,2005,1494,192,0,8251,0,672,-93.642197,716
1,1972,796,138,1,7689,0,336,-93.601127,0
2,1960,1138,0,0,15312,0,480,-93.666813,550
1,1956,1058,191,0,10000,0,300,-93.615882,99
2,1988,1151,0,0,10029,896,521,-93.674582,320
1,1923,1124,0,0,6120,0,288,-93.620409,164
1,1940,901,0,0,12400,592,410,-93.64048000000001,299
2,1968,832,0,0,9900,880,486,-93.625799,280
2,1900,712,264,1,6451,580,576,-93.619513,504
2,1984,1003,120,1,7937,0,588,-93.604776,184
2,1977,660,138,0,8197,0,528,-93.672119,660
1,1953,1008,0,1,8923,0,240,-93.617075,365
2,1974,896,0,1,9000,896,480,-93.626544,896
1,1968,1113,81,1,17979,0,257,-93.601444,328
2,1954,988,0,1,21750,0,520,-93.610109,988
2,1996,672,100,0,10541,735,472,-93.682175,672
2,1972,1124,202,0,11358,0,515,-93.63155400000001,778
2,2002,1431,144,1,10739,0,577,-93.691672,172
0,1961,1800,0,1,8513,0,0,-93.6071073,1800
3,1990,2158,84,0,14684,0,701,-93.68341,1496
1,1945,747,0,1,4608,0,220,-93.615431,747
3,2005,1026,154,0,10625,932,936,-93.640924,1026
2,1957,1478,114,0,8400,0,442,-93.61864,628
2,1939,798,0,0,15660,817,431,-93.643378,457
2,1984,864,0,1,12395,0,484,-93.60372199999999,217
2,2005,756,0,1,8125,797,615,-93.642309,756
2,1980,716,161,0,1950,840,452,-93.64574300000001,23
2,1976,1015,127,0,8660,0,370,-93.686678,513
2,1910,728,509,1,11414,883,532,-93.625362,728
2,1956,894,0,0,7450,0,396,-93.621344,250
2,1939,793,0,0,7800,325,410,-93.62043299999999,286
3,2000,1107,210,0,10125,1012,642,-93.606944,412
1,1956,928,261,1,13300,0,252,-93.612252,551
0,1925,936,0,1,7288,665,0,-93.59700500000001,936
3,2006,1574,144,0,11957,0,824,-93.64233399999999,1550
2,1969,1198,120,1,12900,0,400,-93.666954,0
3,1995,1930,361,0,35760,1796,807,-93.65785100000001,543
2,1966,832,133,1,12205,1111,444,-93.6825099,264
2,2005,1270,0,1,7242,0,524,-93.68988399999999,1270
1,1920,972,0,1,5400,0,207,-93.608707,972
2,1967,1372,0,0,9790,0,457,-93.625775,491
2,1958,819,0,0,14375,0,525,-93.64978,354
3,2009,1590,144,0,12858,707,751,-93.653201,1590
2,1952,540,0,1,8712,0,504,-93.608271,540
1,1931,884,0,0,6240,408,560,-93.62240200000001,459
1,1959,1040,0,1,7500,0,286,-93.605968,466
1,1916,815,0,0,8850,875,225,-93.615337,815
1,1967,1052,0,0,11625,0,668,-93.67338199999999,525
2,1975,1621,0,0,9373,0,478,-93.632915,120
2,1905,482,0,0,10800,691,672,-93.612239,482
2,2006,1293,216,0,7200,0,572,-93.643977,1293
2,2003,1053,140,0,9375,939,648,-93.64119000000001,1053
3,2006,698,0,0,9729,1048,350,-93.64441500000001,698
2,1997,926,0,0,8702,678,470,-93.639062,220
2,1935,1836,684,0,19800,1836,836,-93.660664,1411
3,2007,2078,188,0,14803,0,1220,-93.652941,442
0,1912,755,0,1,5520,929,0,-93.621635,755
1,1927,1204,0,1,5160,462,384,-93.6250433,1204
0,1946,1598,122,0,18030,971,0,-93.656124,977
2,1970,882,240,1,8400,0,525,-93.627112,0
0,1985,833,0,1,8780,0,0,-93.60386700000001,208
2,1974,1208,296,0,15410,0,461,-93.66067199999999,223
2,2006,1342,0,0,6240,0,550,-93.6514243,1318
3,2006,1700,216,0,12456,0,786,-93.658877,528
1,1930,713,0,1,10410,0,371,-93.6143498,713
2,1960,1602,409,0,13500,0,564,-93.666979,93
2,1972,894,256,1,9800,0,552,-93.683246,0
3,2006,1802,158,0,13615,0,843,-93.657492,1802
1,1948,972,0,0,8000,0,240,-93.617182,292
2,1993,812,168,0,14171,1099,453,-93.68203199999999,457
2,2000,915,0,0,9487,750,442,-93.641323,395
0,2007,1120,0,1,8402,0,0,-93.610102,914
2,1998,1086,208,0,12011,838,592,-93.65227,130
2,2006,625,0,1,4017,625,625,-93.646063,625
1,1939,608,0,1,6000,524,240,-93.624566,144
2,1998,1425,0,1,8685,0,591,-93.690363,579
2,2003,847,0,0,7875,1101,434,-93.64021,847
2,1978,855,28,0,2289,586,440,-93.62569,544
3,2007,2418,358,0,13693,0,650,-93.657832,195
1,1922,498,0,1,8088,0,216,-93.65904300000001,498
2,1968,1040,188,1,7476,0,686,-93.672318,228
1,1953,608,66,1,10634,0,270,-93.6190376,0
2,1976,392,0,0,9600,1012,527,-93.645546,392
3,1999,1393,668,0,14774,1177,779,-93.651381,1393
1,1948,570,135,0,5190,462,249,-93.66515,570
2,1960,1175,0,1,7635,0,484,-93.60674200000001,237
1,1947,756,0,0,9350,0,209,-93.66526,564
2,1926,600,0,1,5825,0,528,-93.62925600000001,600
1,1920,1008,0,1,8239,185,315,-93.61046800000001,832
2,1968,1392,0,0,13560,0,576,-93.614216,1392
0,2004,1158,0,1,7500,0,0,-93.692472,1158
4,1993,946,450,0,12361,838,1017,-93.683167,86
2,2005,1721,168,1,9254,0,554,-93.65045,1602
2,1920,698,30,1,7500,430,528,-93.61527199999999,698
3,2006,1976,250,0,14977,0,908,-93.657524,626
2,2006,1199,105,1,7406,0,632,-93.690366,515
1,1955,768,0,0,8172,0,355,-93.66346,224
0,1910,600,0,1,5925,368,0,-93.606841,600
2,1976,1444,0,0,10400,0,473,-93.635216,1444
2,2002,1128,0,0,9473,903,577,-93.68770400000001,324
2,1949,0,0,1,8777,0,520,-93.67830500000001,0
2,1923,678,0,0,9656,0,780,-93.606789,678
1,1900,448,0,1,7008,272,280,-93.612239,448
2,2007,1234,0,1,11049,0,484,-93.684343,1234
2,1985,1298,165,0,11200,0,403,-93.685537,40
5,1925,1072,0,1,8635,0,1184,-93.6213592,938
3,2005,1910,351,0,18261,0,722,-93.62826899999999,494
3,2006,1738,0,0,16387,851,831,-93.658413,369
2,1972,768,58,1,8445,0,396,-93.68351,112
0,1912,780,0,1,5687,780,0,-93.655851,570
2,1948,0,120,0,14762,720,672,-93.62201479999999,0
3,2005,1922,178,0,14157,0,676,-93.62901600000001,673
2,1964,1248,176,1,9020,0,520,-93.626171,288
3,2006,1588,144,0,10000,0,825,-93.642344,1588
2,1963,1000,238,0,13050,0,575,-93.667082,46
2,1962,1595,0,0,33120,875,576,-93.622773,1595
1,1961,920,0,1,8700,0,240,-93.609148,728
2,1961,1313,172,0,9350,0,610,-93.628658,491
2,1976,1565,0,0,15498,0,665,-93.65022900000001,0
2,1953,1152,0,1,9373,0,636,-93.61708399999999,456
0,1922,796,0,1,3636,0,0,-93.625291,796
2,2004,1256,146,0,3182,0,430,-93.642252,1232
2,1961,988,0,1,9945,0,572,-93.673518,161
1,1937,942,0,0,11700,673,240,-93.63962,336
2,1980,738,28,0,10400,767,489,-93.635153,738
2,1999,691,0,1,3768,739,506,-93.645482,142
2,1976,1090,0,0,10400,0,479,-93.634694,1090
1,1953,1057,0,1,7922,0,246,-93.61842800000001,326
1,1954,381,60,1,8842,0,319,-93.677482,381
1,1955,1078,0,1,9600,0,288,-93.623704,710
2,2004,976,0,1,3363,732,380,-93.669924,976
2,2006,1092,0,1,8125,438,438,-93.64247399999999,280
1,1900,861,0,1,8405,406,384,-93.6644616,229
1,1934,715,0,0,11988,811,240,-93.641405,389
2,2003,1390,0,1,8810,0,545,-93.68768399999999,390
2,2002,1284,192,0,9375,885,647,-93.686575,1284
1,1948,1027,0,0,11851,606,240,-93.610466,247
1,1901,592,0,1,5680,240,240,-93.622147,592
0,1916,686,0,1,7082,980,0,-93.648562,686
2,2004,1375,144,0,3072,0,398,-93.64132099999999,1375
1,1925,768,0,1,6120,0,450,-93.624553,279
2,2006,1660,322,0,10182,0,500,-93.641793,440
1,1954,854,0,1,7200,424,240,-93.608903,181
4,1953,0,483,1,43500,0,1041,-93.610118,0
1,1910,356,0,1,5150,378,195,-93.616849,356
2,2004,1391,156,1,4282,0,530,-93.647488,1375
2,2006,1604,123,0,8814,0,660,-93.689071,270
1,1910,1242,64,1,8094,742,360,-93.62167600000001,1046
2,2007,1350,192,0,7301,0,484,-93.649587,474
2,1938,861,225,0,6240,548,528,-93.623631,809
2,1890,1313,0,0,10800,1182,342,-93.60755209999999,1313
1,1925,572,0,1,10200,0,200,-93.61539499999999,572
2,1961,944,144,1,12122,0,588,-93.624499,77
3,1994,2444,382,0,21535,1872,832,-93.657271,989
3,1949,1001,0,1,6270,1001,871,-93.643215,717
2,2004,1158,0,1,13072,0,576,-93.69095899999999,217
2,1955,1056,264,1,34650,0,572,-93.625169,0
1,1921,629,0,1,9140,380,625,-93.626689,321
1,1924,1107,0,0,4853,0,260,-93.655762,974
1,1962,912,0,1,7150,0,252,-93.669845,182
2,1971,1587,0,0,10667,0,525,-93.618504,749
2,1987,1501,240,0,4054,0,512,-93.63965999999999,552
2,1980,516,279,0,1733,516,452,-93.64574300000001,516
2,2007,738,0,1,8145,738,552,-93.68411800000001,738
1,1905,738,0,1,7614,662,216,-93.613905,738
1,1915,698,0,1,8730,698,384,-93.625284,698
2,2006,1422,297,0,9139,0,492,-93.64236,1043
2,2005,1358,192,0,6904,0,484,-93.64977900000001,522
2,1992,384,100,0,9125,670,392,-93.637917,384
2,1964,1921,0,1,11136,0,576,-93.65565,1921
2,1929,792,0,0,11435,725,400,-93.642431,792
2,2007,1710,156,0,8118,0,557,-93.629808,676
2,2006,738,0,1,10237,754,440,-93.645774,738
2,1966,864,0,0,10710,0,656,-93.626521,220
1,1956,832,0,1,8382,505,263,-93.613624,832
1,1962,894,0,1,6600,0,308,-93.603701,894
2,2009,1508,0,0,17485,0,572,-93.66579899999999,162
2,1960,1478,0,0,17600,0,498,-93.606573,208
2,1900,780,0,1,9600,476,400,-93.617139,399
2,2006,1554,156,0,4590,0,627,-93.64931899999999,1530
3,2006,1504,184,0,10872,0,700,-93.65476,467
1,1940,672,0,1,4800,0,256,-93.616991,672
2,1978,940,0,1,10970,0,576,-93.685158,0
0,1905,572,240,1,6000,656,0,-93.616998,572
2,1995,930,275,0,11250,1045,610,-93.679803,245
0,1960,1556,0,1,8512,0,0,-93.606892,1556
1,1973,462,0,0,1596,462,297,-93.60426899999999,25
0,2007,1092,0,1,9278,0,0,-93.61014499999999,1092
1,1968,896,0,0,13000,960,509,-93.61461899999999,448
2,1959,0,0,0,11650,0,484,-93.605384,0
2,2006,654,100,0,17104,832,426,-93.644411,100
3,2006,1234,324,0,12438,1312,666,-93.62876999999999,1234
2,2008,6110,214,0,63887,950,1418,-93.674898,466
2,1976,793,0,0,12384,793,550,-93.633898,793
1,1959,1206,0,1,10725,0,312,-93.61513000000001,270
1,1949,0,0,0,11800,0,384,-93.6051157,0
2,1960,1144,216,0,14585,0,572,-93.624484,331
2,1978,1226,133,0,3876,0,484,-93.64932900000001,48
2,1972,385,352,1,7200,0,728,-93.68316899999999,0
3,2003,1572,400,0,13688,1096,726,-93.65572,556
2,1976,1029,144,0,7819,0,672,-93.675175,480
2,1957,1134,0,0,13125,0,484,-93.66550500000001,284
2,1980,1036,133,0,3640,0,484,-93.649439,176
2,1999,1468,120,1,9382,0,577,-93.68901899999999,1468
2,1993,1079,400,0,10560,800,473,-93.682025,605
1,1971,864,0,1,6953,0,352,-93.601449,395
2,1960,1105,0,1,11600,1169,480,-93.6184183,662
1,1972,780,196,1,7200,0,352,-93.683309,148
2,2000,982,100,0,8123,793,463,-93.641377,982
1,1939,992,0,0,10164,473,240,-93.648415,346
2,1956,1898,0,0,26073,0,484,-93.640311,782
2,1977,908,321,0,13774,972,520,-93.637964,476
2,2003,783,0,0,7875,702,393,-93.640211,783
3,2007,1566,0,0,14230,0,890,-93.654241,1566
3,1993,1733,870,0,17242,1567,959,-93.655997,48
0,1922,864,0,1,4060,0,0,-93.659191,864
1,1956,0,0,1,8626,0,331,-93.60417650000001,0
2,1979,780,192,0,11339,845,481,-93.634665,22
2,1976,1142,0,0,8963,1540,831,-93.630152,487
3,2004,2000,168,1,10386,0,888,-93.68785600000001,536
1,1955,1098,0,1,7390,0,260,-93.61717900000001,196
2,1996,1720,240,0,10593,0,527,-93.654206,801
1,1969,1096,240,1,15870,0,299,-93.62626,230
2,1978,1271,0,0,11880,0,478,-93.637289,567
2,2000,982,108,0,8220,884,431,-93.642397,438
2,1999,873,0,1,9179,908,588,-93.690113,240
2,1900,760,467,1,8660,928,576,-93.626839,760
2,1967,1829,0,1,10456,0,535,-93.633351,1323
1,1955,1162,142,1,5820,0,220,-93.607744,906
2,2006,1342,0,0,6240,0,550,-93.651163,496
3,2003,2535,154,0,12720,0,789,-93.65695799999999,278
2,2002,916,146,1,13450,941,492,-93.68923000000001,216
2,1997,1479,168,1,9236,0,576,-93.69222099999999,279
3,2003,1008,120,0,11792,1275,632,-93.639915,158
0,1940,728,263,1,5350,0,0,-93.629313,728
4,2000,1168,312,0,11855,1619,820,-93.679856,348
2,2006,1550,0,1,5330,0,528,-93.64660699999999,1550
1,1954,1056,0,1,9920,0,280,-93.62475,412
1,1972,630,185,1,1680,672,264,-93.62988100000001,399
1,1920,592,0,1,9000,432,216,-93.60419300000001,592
1,1964,1251,0,0,8800,0,461,-93.626765,698
2,1910,676,147,1,8777,676,528,-93.678267,166
2,1965,768,0,0,13600,800,486,-93.615558,314
2,1999,840,176,0,9468,915,530,-93.684421,201
1,1959,0,0,1,8339,0,294,-93.62232,0
1,1966,912,204,1,8169,0,315,-93.668544,261
3,2006,1466,125,0,9965,1362,1052,-93.686941,316
1,1920,624,0,1,5350,720,288,-93.620183,508
2,2005,768,100,0,10237,768,400,-93.646429,768
2,1999,1037,144,0,12460,1285,400,-93.64134200000001,167
2,1967,1334,0,1,10140,0,477,-93.63247199999999,713
2,1979,1625,136,0,23580,0,576,-93.59996899999999,849
3,2006,2076,216,0,13891,0,850,-93.6566537,690
2,1965,1073,0,1,10289,0,515,-93.62589799999999,237
1,1940,600,0,1,6001,319,231,-93.65808100000001,232
2,1991,1582,0,1,11070,0,672,-93.602424,1527
1,1956,1073,0,1,9571,0,340,-93.668212,816
2,1995,1220,0,0,10000,870,556,-93.681274,141
2,1968,1295,0,1,11700,0,528,-93.635899,385
1,1954,1089,328,0,7440,0,252,-93.660147,916
0,1931,544,0,1,4270,0,0,-93.661542,0
2,1977,1069,0,0,4043,0,440,-93.62723199999999,709
2,1978,1097,303,0,9101,0,602,-93.604928,0
0,1920,736,0,1,4456,716,0,-93.618648,736
2,1958,1560,0,1,8078,0,484,-93.61848,1560
3,2006,1258,144,0,3922,0,648,-93.641795,1258
2,1996,916,168,0,15038,720,386,-93.63748199999999,778
2,1999,978,0,0,10762,978,490,-93.639325,284
2,1948,409,0,0,17541,0,576,-93.669606,109
2,1997,813,421,0,8238,712,400,-93.639067,113
0,1930,780,0,1,8155,420,0,-93.628385,780
2,1960,1560,0,0,25485,0,580,-93.640326,0
0,1994,990,0,1,8070,0,0,-93.692415,402
0,1872,684,0,1,5250,1215,0,-93.60968879999999,425
0,1971,858,0,1,8125,0,0,-93.627981,244
2,2006,728,0,0,11103,728,440,-93.689071,728
1,1955,1056,0,1,13600,0,300,-93.6136767,0
2,2004,1365,143,0,3072,0,388,-93.6419,306
3,2003,998,320,0,10625,1040,871,-93.652549,132
2,1971,864,216,1,10500,0,576,-93.62349859999999,160
2,2004,1594,128,0,3842,0,482,-93.615921,221
1,1957,1070,0,0,10011,0,447,-93.612462,710
2,1978,832,192,0,13250,896,529,-93.637774,832
2,2001,858,0,0,10646,917,546,-93.643378,177
2,2006,1286,168,0,6762,0,662,-93.691234,1286
2,2003,1114,0,1,13695,0,576,-93.690364,300
2,1979,1362,192,0,17043,0,435,-93.636512,1362
2,2007,1232,132,1,7314,0,632,-93.690111,508
1,1962,925,150,1,10205,0,300,-93.605839,141
2,1972,864,155,1,7200,0,576,-93.68315799999999,193
3,2006,1410,192,0,13682,1519,641,-93.62647700000001,1410
2,1991,1288,127,0,16059,1116,462,-93.653876,1288
3,2006,2036,0,0,13162,604,792,-93.64407,200
2,2005,1100,200,0,12447,848,760,-93.642317,1100
1,1915,840,0,1,5790,765,379,-93.614002,840
1,1920,961,0,1,8967,0,338,-93.628236,961
1,1959,1150,0,1,7945,0,300,-93.606893,465
1,1948,624,0,1,6956,312,265,-93.661951,624
2,2007,1340,100,1,8899,0,396,-93.644376,1316
2,1926,750,0,1,8550,356,576,-93.62528499999999,750
1,1968,833,143,1,8400,0,326,-93.628069,89
2,2005,745,36,0,8918,745,392,-93.64466,745
1,1921,1073,0,1,5400,0,326,-93.61396500000001,1073
0,1915,1013,0,1,8470,0,0,-93.616895,1013
2,2005,728,0,0,10237,728,390,-93.645841,728
2,1920,576,0,1,7898,0,676,-93.615475,576
2,1976,960,228,0,6285,0,528,-93.6747048,456
3,2007,1702,0,0,10130,0,844,-93.642579,408
2,1998,1028,208,0,16226,1242,683,-93.683813,747
2,1971,825,0,1,13355,825,464,-93.629079,242
2,1998,1204,0,1,4500,0,412,-93.60819599999999,338
1,1954,936,0,1,6390,0,280,-93.607948,936
1,1942,976,160,1,7288,0,215,-93.628467,671
2,1978,450,311,0,7703,0,504,-93.672718,0
2,2004,970,0,1,2522,739,380,-93.670063,970
3,2000,1519,162,0,11000,639,687,-93.650932,1519
2,1962,1057,0,1,7420,0,576,-93.673987,640
2,2006,1370,120,0,6442,0,484,-93.649291,1346
2,1990,1475,192,0,11839,797,514,-93.683223,390
1,1960,1100,355,0,12493,0,312,-93.621566,375
2,2003,840,144,1,11317,828,500,-93.692052,840
2,1991,1278,112,1,7153,0,496,-93.687831,78
2,1962,931,0,1,7763,0,506,-93.619022,319
2,2001,1753,202,0,11838,0,522,-93.68269000000001,1753
2,1968,912,200,0,10180,0,372,-93.610663,168
1,1959,1041,224,1,9600,0,270,-93.624581,50
2,1978,1117,336,0,17082,864,522,-93.675038,153
1,1959,864,0,1,9100,0,300,-93.623485,252
1,2008,192,0,1,9836,0,308,-93.61957259999998,96
1,1950,910,199,1,12144,611,597,-93.609054,455
2,2000,975,280,0,7379,873,592,-93.643556,491
2,2007,1350,192,0,10307,0,484,-93.650258,474
1,1924,1026,0,0,5000,665,308,-93.65032099999999,808
2,2005,856,212,1,9587,0,400,-93.643964,201
3,2003,1792,206,0,11846,0,874,-93.657883,225
1,1962,912,140,1,12968,0,352,-93.67574300000001,175
2,1998,794,0,1,9531,914,546,-93.690545,88
1,1967,980,68,1,9750,0,384,-93.627935,100
2,2000,992,24,0,12224,1032,390,-93.641919,297
1,1957,0,186,1,11500,0,290,-93.663366,0
2,1988,1157,60,0,14364,882,454,-93.685142,92
1,1958,533,280,1,13825,580,300,-93.662134,533
2,1927,660,80,1,9259,0,440,-93.663619,660
2,1970,864,210,1,7038,0,576,-93.627037,138
2,1957,912,0,1,7407,0,923,-93.608246,312
2,1999,1666,165,1,7915,0,435,-93.64664499999999,443
0,1978,1040,0,1,8430,0,0,-93.686916,424
1,1920,967,0,0,3153,0,180,-93.6176729,967
3,2008,1017,168,0,11003,981,812,-93.643001,252
2,2004,1143,0,0,3628,0,588,-93.647832,1143
1,1958,160,0,0,9000,0,384,-93.60552,160
3,1918,1370,0,0,22420,1254,864,-93.644426,242
1,1920,596,0,1,6402,596,189,-93.625299,596
2,1986,1453,0,0,5271,0,445,-93.676681,371
2,1999,850,120,0,11690,878,560,-93.683856,850
2,1954,1310,0,0,17500,0,576,-93.63940699999999,91
2,1898,849,40,1,8100,1063,360,-93.613887,849
1,1978,864,0,1,7000,0,336,-93.684887,218
1,1950,721,250,1,8400,0,294,-93.6790752,721
2,1967,932,0,0,10400,1369,515,-93.633163,932
2,1956,1188,304,0,14175,0,576,-93.66412,200
2,1996,1064,168,0,10990,1061,576,-93.65527900000001,213
1,1959,1143,0,1,8050,0,308,-93.61711700000001,125
1,1958,808,143,1,5175,0,308,-93.628582,254
2,1963,816,106,1,8472,0,516,-93.62949499999999,0
2,1930,1078,0,0,6240,445,360,-93.622552,1078
0,1890,925,231,1,14190,544,0,-93.620343,925
1,1922,1022,0,0,4480,0,184,-93.62024,240
2,1992,836,307,1,9370,887,462,-93.68769499999999,78
2,1955,384,0,0,7134,0,572,-93.612401,0
2,2005,1169,100,1,8769,0,578,-93.684625,460
1,1969,1176,0,1,16133,0,360,-93.671454,329
2,2000,924,100,0,8063,742,463,-93.642288,924
3,1994,2024,182,0,10750,0,815,-93.655988,262
2,1970,925,252,1,9457,0,576,-93.629118,359
3,2005,1546,144,1,11750,0,796,-93.688941,1526
1,1973,945,174,0,2394,0,253,-93.604318,30
2,1996,880,0,0,8750,807,512,-93.680782,880
2,2005,1306,170,0,5381,0,624,-93.649743,406
2,1992,808,342,0,9636,785,389,-93.63575300000001,808
2,1969,1427,0,1,11104,0,516,-93.6343272,599
2,1890,346,0,1,9000,1111,624,-93.61221,346
4,1993,1344,288,1,9069,0,920,-93.68015150000001,0
2,2000,982,0,0,8658,881,431,-93.64291300000001,250
2,2002,408,120,0,7750,640,527,-93.641488,55
2,2005,547,0,1,3675,0,525,-93.669977,0
2,1991,384,164,0,10784,670,402,-93.637299,384
2,2007,1869,210,0,7820,0,617,-93.652054,1869
2,1970,864,0,1,8120,0,463,-93.62554200000001,673
2,1885,777,0,1,11340,1044,560,-93.608752,777
2,1980,561,154,0,1612,668,462,-93.64574300000001,561
1,1930,816,0,1,5890,0,432,-93.625288,278
2,1976,1426,280,0,16280,0,550,-93.658315,0
2,1993,1199,0,1,7892,0,530,-93.686278,899
2,1924,1145,0,1,6911,0,440,-93.624689,740
2,1961,1453,0,0,10573,0,530,-93.617963,141
3,1957,1617,0,0,11765,0,963,-93.61926209999999,490
0,1954,0,0,0,8335,0,0,-93.6627359,0
2,1965,1214,0,1,9170,0,461,-93.6783521,420
1,1946,560,0,1,4280,0,220,-93.659205,560
3,2006,982,240,1,9605,995,574,-93.643748,982
2,2000,1349,120,1,8450,0,539,-93.688804,1349
1,1915,728,0,1,6000,728,308,-93.617106,728
2,2006,1335,0,1,9000,0,575,-93.65042,1335
3,2006,1298,0,1,10732,530,876,-93.650406,1298
3,2007,2320,192,0,17169,0,1174,-93.657235,636
2,1966,1093,224,0,10738,0,484,-93.63167299999999,301
2,1929,672,0,0,5700,672,456,-93.62416490000001,336
0,1971,796,129,1,6723,0,0,-93.602559,0
2,1971,1078,0,0,12537,0,500,-93.626537,344
2,1975,864,140,1,14330,0,440,-93.6844,180
1,1946,484,0,1,17808,0,336,-93.671511,484
2,1972,732,148,0,10400,778,484,-93.630258,485
2,1997,926,0,0,10839,678,470,-93.639151,926
2,1967,1620,0,0,15387,0,578,-93.63177900000001,723
3,2004,1780,144,0,14828,0,816,-93.655461,397
2,1975,1176,40,0,11050,0,506,-93.630253,540
2,2005,734,0,1,7023,674,489,-93.67318,123
0,1945,686,58,1,3880,0,0,-93.60826309999999,357
3,2005,1868,326,0,11443,0,880,-93.64898000000001,408
1,1968,952,0,1,8300,0,288,-93.610561,0
2,1915,1138,0,0,10320,1042,720,-93.6274918,763
1,1956,1104,0,1,10425,0,384,-93.613383,330
2,1920,611,0,1,6155,611,502,-93.62459100000001,611
2,1936,560,256,1,7200,560,576,-93.6459433,0
2,2007,1184,208,0,9000,1426,550,-93.647933,1120
1,1930,531,0,0,4000,531,216,-93.644544,285
2,1958,1632,0,0,50102,0,518,-93.651077,723
2,2003,1374,143,0,3196,0,420,-93.64194599999999,1374
2,1920,648,0,1,4400,384,440,-93.614615,648
2,1948,924,0,1,12000,0,528,-93.60887,172
2,1963,1395,657,0,9760,0,440,-93.604835,415
3,1995,1342,307,0,10019,1368,725,-93.653915,815
1,1926,894,0,1,7000,0,195,-93.62840899999999,555
3,2003,2452,0,0,15274,0,886,-93.65486,480
2,2003,1405,148,0,3136,0,478,-93.65061700000001,1405
1,1957,1244,0,0,11988,0,336,-93.613046,467
3,2004,1052,120,0,11631,1321,632,-93.644213,1052
2,2006,738,100,1,9073,754,440,-93.644306,738
2,1930,768,0,1,6291,0,440,-93.6259506,768
2,1997,824,0,1,9337,881,684,-93.69063299999999,176
1,1924,617,0,1,7000,445,398,-93.61687009999999,0
2,2009,612,0,1,3000,612,528,-93.646338,318
2,1953,105,196,1,8892,0,414,-93.60821899999999,105
3,2004,1136,184,0,12099,1332,872,-93.65653890000002,166
2,1954,1385,81,0,39104,0,439,-93.666066,96
2,1995,1595,237,0,5389,0,608,-93.632852,415
2,1994,973,168,0,29959,871,467,-93.65082199999999,378
2,1937,698,210,1,6000,390,624,-93.624567,698
1,1956,1509,158,0,9571,0,322,-93.667534,639
1,1996,1097,306,1,16561,0,242,-93.692696,548
2,2005,1208,105,1,7488,0,632,-93.68981600000001,815
2,1978,1392,0,0,16692,1392,564,-93.637387,133
1,1936,830,0,1,5220,0,180,-93.655885,830
2,1992,1095,0,0,13346,1129,590,-93.650474,367
2,1923,833,0,0,13053,795,370,-93.62700000000001,833
2,1990,1216,0,1,11170,1216,693,-93.64617199999999,0
1,1967,624,0,0,6000,564,288,-93.6258429,367
2,1986,676,0,1,10274,702,465,-93.685037,345
2,1999,831,0,0,8390,778,450,-93.640959,831
1,1930,741,0,1,6120,583,180,-93.622415,741
2,2007,874,144,1,10207,887,578,-93.64397,874
2,1973,1656,0,1,9246,0,506,-93.6304229,1656
2,1981,1422,276,0,12090,0,576,-93.637825,606
2,2006,1573,123,0,5568,0,495,-93.615697,0
0,1971,864,0,0,10500,0,0,-93.62276899999999,432
1,1940,720,0,1,6000,330,240,-93.627459,720
3,2005,1090,148,0,13975,1089,670,-93.656864,1090
2,2006,352,100,1,9802,730,400,-93.649198,352
3,2005,2077,192,0,20896,0,1134,-93.64178000000001,356
0,1910,801,80,1,10134,646,0,-93.615381,801
2,1988,1392,0,0,11457,0,576,-93.646455,387
1,1984,876,362,1,6951,0,264,-93.604761,218
3,2003,1317,192,0,14277,1168,818,-93.65699000000001,379
1,1982,845,0,1,6600,0,264,-93.603886,207
1,1910,396,0,1,7518,665,390,-93.626631,396
1,1935,884,0,1,6120,584,240,-93.623644,884
3,2007,1726,171,0,9416,0,786,-93.643836,600
2,2008,1145,0,0,4217,0,641,-93.646916,183
2,2003,1553,192,1,8736,0,588,-93.641501,422
3,2002,1712,218,0,16770,0,701,-93.65440500000001,516
2,1939,989,0,0,6240,764,400,-93.62148499999999,449
2,1912,451,40,1,10320,0,576,-93.62481899999999,451
3,1996,1379,239,0,11787,1015,834,-93.655905,660
2,2003,746,178,0,6931,896,397,-93.67240799999999,746
1,1921,651,216,0,6821,539,240,-93.64672,538
3,2002,1922,201,0,11305,0,692,-93.64689399999999,593
2,1998,880,120,1,8924,844,527,-93.68899499999999,880
1,1900,554,38,1,5870,554,200,-93.625589,554
1,1913,440,0,0,4280,0,352,-93.64475999999999,75
1,1945,735,0,0,8741,689,220,-93.66484100000001,641
2,1997,384,0,0,8872,630,390,-93.637189,384
2,1976,1228,407,0,8991,0,585,-93.63375699999999,0
2,1975,675,48,0,10530,766,485,-93.632369,127
2,1954,954,0,0,16012,0,609,-93.66199499999999,263
2,1964,845,0,0,8800,1309,539,-93.626864,431
3,1999,1004,224,0,9066,848,660,-93.68439599999999,336
2,1976,1193,0,0,11361,0,478,-93.633905,549
1,1920,816,121,1,9800,0,429,-93.6790694,816
1,1956,1150,0,0,11767,0,313,-93.66433599999999,604
1,1958,988,0,1,13587,0,264,-93.61721999999999,456
1,1925,756,0,0,6854,144,308,-93.62818730000001,212
3,2005,1728,172,0,13618,0,714,-93.64789,378
0,1949,720,0,1,10800,472,0,-93.61050300000001,720
1,1951,884,0,1,15428,0,270,-93.615474,143
1,1930,687,0,0,3600,671,336,-93.615578,371
2,1970,1657,0,0,12155,0,484,-93.610875,420
2,2002,1128,0,0,11250,1141,779,-93.686644,1128
3,2008,2042,0,0,12704,0,1390,-93.65414399999999,2042
1,1965,828,421,1,7800,0,300,-93.681407,187
2,2006,1546,132,0,8298,0,502,-93.65056899999999,963
2,2005,1074,0,0,13128,990,527,-93.635935,1074
2,1925,680,0,1,5232,0,504,-93.619415,680
2,2001,963,0,0,12435,829,564,-93.68910100000001,602
1,1925,816,168,1,11672,0,210,-93.62576999999999,816
3,2009,774,0,0,12003,1194,680,-93.64947099999999,774
3,2008,3094,0,0,15431,0,672,-93.65782800000001,788
1,1950,932,0,0,8280,0,306,-93.622804,932
2,1960,1065,74,1,8892,0,461,-93.624606,1065
1,1984,744,353,1,7175,0,264,-93.68626400000001,0
2,1993,1148,235,0,10530,984,473,-93.63687,329
3,2004,1782,99,0,16870,0,932,-93.658854,251
2,1974,970,193,0,8410,0,528,-93.60177900000001,46
1,1942,672,0,1,4484,504,240,-93.655924,187
1,1950,856,0,1,9600,556,271,-93.622644,736
2,1994,1602,424,0,9938,0,534,-93.682029,331
2,2007,1419,140,0,8089,0,567,-93.630074,474
2,2005,784,144,1,9316,812,610,-93.688929,784
1,1952,1008,0,1,12778,0,280,-93.617225,350
2,1917,735,0,0,9600,924,396,-93.616885,416
2,2006,616,0,0,8499,796,432,-93.644375,616
1,1953,1036,120,1,7584,0,312,-93.620487,505
1,1935,0,0,0,8250,0,260,-93.66003959999999,0
2,1970,864,96,1,6960,0,660,-93.62565699999999,250
2,1998,926,360,0,9978,678,470,-93.638925,324
1,1963,1380,0,1,10143,0,364,-93.60765500000001,996
2,1963,925,203,1,8638,0,484,-93.672411,744
1,1937,348,0,1,4882,453,231,-93.628236,228
3,1997,1838,160,1,10126,0,721,-93.68030999999999,83
2,1998,1237,0,1,4500,0,405,-93.608195,36
3,1915,672,216,1,10410,520,936,-93.614049,672
2,1975,969,0,1,10356,0,440,-93.684354,253
3,2008,1722,382,0,13478,568,842,-93.658224,384
2,1999,729,0,0,3230,729,440,-93.64409599999999,310
2,1999,1405,203,0,5858,0,511,-93.62437299999999,354
1,1979,918,28,0,7892,0,264,-93.686263,918
2,1974,1389,240,0,10010,0,418,-93.60019,195
1,1926,818,0,1,3950,406,210,-93.6179738,350
2,1948,1559,0,1,8100,0,812,-93.6094532,1221
1,1960,1144,0,0,9100,0,336,-93.61169699999999,1144
2,2001,1338,0,1,4920,0,582,-93.633792,722
3,2007,1934,268,0,13641,713,1040,-93.6566568,630
1,1919,818,0,0,9399,818,288,-93.64644,818
2,1974,1084,0,0,8000,793,488,-93.632191,0
2,1966,1164,160,0,11777,0,564,-93.67451700000001,285
2,1992,761,0,1,7153,793,484,-93.68782,374
2,1890,1088,48,1,8820,561,456,-93.608704,0
2,1940,720,0,1,7000,495,720,-93.6295,345
0,1970,546,200,1,1476,546,0,-93.603435,370
3,2006,2153,414,0,13693,574,694,-93.657444,2153
0,1935,270,0,1,4130,0,0,-93.62935999999999,270
1,1951,1091,66,0,7801,0,344,-93.63946700000001,591
2,1996,1117,180,0,9920,886,455,-93.655159,255
1,1977,1268,173,1,9286,0,252,-93.684954,1072
1,1955,972,0,1,10895,0,305,-93.617092,324
2,1950,1067,290,1,9600,0,436,-93.668378,625
2,1952,0,0,1,14584,0,487,-93.625217,0
2,2005,1752,196,0,7658,0,576,-93.65412099999999,1296
2,2004,1710,100,0,12118,0,550,-93.607055,1710
2,1999,384,0,0,7848,656,410,-93.640879,384
2,1992,828,100,0,7669,0,698,-93.602777,0
2,1961,1109,192,1,11782,0,576,-93.67366899999999,210
3,2006,1656,0,1,11096,0,826,-93.643974,1632
2,1977,1196,238,0,10125,0,473,-93.604548,276
1,1939,739,0,0,6000,468,240,-93.621532,475
1,1940,680,0,0,6960,504,224,-93.660691,422
2,1972,1138,0,1,10012,0,588,-93.67144300000001,38
2,2005,1367,0,0,12304,0,484,-93.649744,1347
2,1964,1624,168,1,36500,0,390,-93.681349,812
2,2004,970,0,1,2522,739,380,-93.670039,970
1,1941,824,0,1,6191,464,240,-93.64702700000001,440
2,2001,810,0,1,8400,855,528,-93.631899,167
3,2007,1689,0,1,9849,0,954,-93.64248,1689
1,1940,983,245,1,12508,767,423,-93.60829100000001,323
1,1963,864,0,1,6360,0,276,-93.672503,375
2,2006,1330,0,0,8334,0,437,-93.684285,1330
2,2002,840,0,1,8749,885,550,-93.68674399999999,840
2,1993,996,370,1,9453,730,457,-93.68628000000001,594
1,1925,768,0,0,7006,448,384,-93.6295,647
1,1920,458,0,1,10625,0,366,-93.662762,350
2,2004,1594,128,0,3842,0,525,-93.616242,30
1,1920,649,0,1,8500,668,250,-93.616848,649
2,1975,1533,200,0,70761,0,576,-93.683877,878
2,1981,1226,133,0,3782,0,484,-93.64935799999999,266
2,2006,1326,100,1,11660,0,427,-93.644627,1326
0,1920,901,0,1,5586,110,0,-93.621921,901
2,2006,1460,0,0,10037,0,480,-93.643788,794
2,2005,600,0,1,2544,623,480,-93.644891,600
1,1922,700,0,0,11600,0,252,-93.643443,700
2,1995,1070,296,0,9085,967,647,-93.651503,254
2,2000,959,0,0,10852,712,472,-93.64135999999999,173
1,1972,483,0,0,1680,504,288,-93.62951600000001,483
2,1997,945,252,0,10179,663,470,-93.639388,98
2,2005,768,0,1,9045,768,400,-93.68373199999999,768
2,2002,1348,68,0,11088,0,418,-93.68550400000001,476
2,1993,740,234,0,9317,769,425,-93.681063,227
2,1957,1073,0,1,6565,0,720,-93.6150637,106
3,1946,904,0,0,9000,595,869,-93.607771,459
2,2001,1337,136,0,4113,0,511,-93.624798,1337
1,1956,1240,0,0,14175,0,323,-93.664037,332
2,1997,802,95,0,11207,709,413,-93.63637299999999,88
3,2010,1642,160,0,12853,0,852,-93.641253,610
1,1962,1135,0,1,9510,0,264,-93.61027800000001,434
3,2007,1373,143,0,3684,0,660,-93.641561,1373
2,1945,0,0,1,9000,0,460,-93.659355,0
2,2005,1561,203,0,7313,0,556,-93.652565,408
2,1923,1324,0,0,21384,504,528,-93.6289369,15
0,1922,1040,0,1,3000,1040,0,-93.621633,1040
2,1965,744,0,0,8970,1315,549,-93.627985,356
2,1960,1224,474,0,20000,0,576,-93.606842,0
3,2005,2458,70,0,11128,0,795,-93.641296,300
3,1998,1629,23,0,17433,830,962,-93.652334,1629
2,1958,864,0,1,9100,0,624,-93.623564,169
2,1980,1686,384,0,10240,0,612,-93.636044,0
2,2002,840,138,0,8010,880,400,-93.641416,840
2,2005,1362,192,0,6289,0,460,-93.649798,600
2,1961,1313,355,0,10800,0,418,-93.60650799999999,400
2,1994,2062,168,1,13108,608,618,-93.63160400000001,2062
2,1980,1056,264,1,6979,0,576,-93.6116762,0
2,2005,1132,252,1,7024,0,451,-93.67325100000001,108
1,1972,546,0,1,1484,546,253,-93.603524,294
3,2003,1406,143,0,3621,0,630,-93.640513,322
2,1964,720,0,0,9350,720,480,-93.6282949,360
2,1910,616,280,1,4571,616,480,-93.61829399999999,448
2,2004,789,0,0,9024,702,393,-93.642641,789
1,1925,702,0,1,9600,630,250,-93.61706099999999,702
2,1980,2002,180,0,12000,0,546,-93.645798,270
2,2004,1580,159,0,11143,886,610,-93.639574,1580
0,1920,600,0,1,7627,600,0,-93.6200683,600
3,2000,1145,192,0,14260,1053,836,-93.653324,490
2,1997,1664,0,0,6264,0,528,-93.633781,1008
2,1964,1486,0,1,9937,0,480,-93.67740699999999,849
2,2000,1058,0,0,7500,816,588,-93.63923079999999,1058
2,1974,855,260,0,2308,467,440,-93.625918,103
2,1978,960,131,0,7176,0,616,-93.67264499999999,166
3,2004,1512,210,1,10141,0,845,-93.691506,222
1,1900,709,84,0,4800,687,240,-93.617014,661
1,1948,912,192,0,17503,546,330,-93.620341,912
2,1879,819,0,0,13500,1142,576,-93.612061,819
3,2003,1415,156,0,3940,0,644,-93.640176,342
2,1921,612,183,1,9842,1611,621,-93.646748,612
2,1966,924,105,0,14200,941,487,-93.615629,479
3,1998,1389,286,0,11002,1171,758,-93.652777,341
2,1992,1168,0,1,9556,0,420,-93.63784799999999,1168
2,1992,624,150,1,10429,663,440,-93.606925,294
3,1880,1470,302,0,18386,1818,870,-93.6077128,1470
2,1977,923,201,0,9129,0,678,-93.604644,0
1,1950,910,289,1,13710,648,282,-93.626689,490
1,1959,876,0,1,6410,0,320,-93.666315,301
1,1920,793,0,0,7588,901,216,-93.6447118,441
1,1942,835,0,0,6360,498,240,-93.62352299999999,316
2,1915,832,0,1,7822,492,528,-93.659182,832
2,2004,1488,168,0,4835,0,506,-93.647988,190
1,1954,825,0,1,7200,0,350,-93.607801,825
3,2005,1616,208,1,8688,0,834,-93.643635,1616
2,2006,1352,0,0,3606,0,466,-93.646637,415
2,2005,547,0,1,3675,0,525,-93.669952,0
2,2003,530,0,1,4447,550,496,-93.645478,530
1,1924,872,0,0,17529,0,322,-93.66708100000001,872
2,1980,728,133,0,4420,0,484,-93.649361,0
2,1999,1341,240,0,17227,0,482,-93.679505,426
0,1923,859,174,1,9060,886,0,-93.62826,311
2,2000,928,192,1,12192,895,626,-93.688958,265
2,1961,964,170,0,8243,0,784,-93.621452,264
1,1971,858,0,1,7340,0,684,-93.62805,536
2,2005,1364,192,0,7052,0,484,-93.649714,705
2,2004,848,100,0,9171,750,433,-93.644094,848
2,2006,939,144,1,9245,858,639,-93.68413699999999,939
0,1902,1020,0,1,5852,886,0,-93.62170970000001,851
1,2004,1073,0,1,5500,0,246,-93.65578599999999,190
2,1968,900,0,1,8640,886,530,-93.626097,56
0,1947,0,0,1,6240,240,0,-93.62348100000001,0
2,2005,1326,120,1,12216,0,388,-93.6443,408
2,1970,960,0,1,9873,0,576,-93.625436,171
2,1920,768,0,1,8850,624,576,-93.625435,768
3,2009,1226,0,1,10402,0,740,-93.69245,1226
2,1995,1587,52,1,8013,0,528,-93.633024,846
0,1965,0,0,1,9825,0,0,-93.677553,0
2,1980,516,180,0,1782,516,462,-93.64574300000001,186
1,1948,816,414,1,8064,408,280,-93.61061,161
3,1994,1290,200,0,10236,1189,803,-93.655704,742
2,1969,938,0,0,21453,0,540,-93.68209499999999,0
2,1990,1188,168,1,9947,0,497,-93.602356,577
3,2005,1838,161,0,11577,0,682,-93.647474,383
2,1922,738,0,1,10560,602,624,-93.607088,455
1,1969,864,287,1,10544,615,275,-93.599791,388
2,1955,864,196,1,8172,0,528,-93.663455,182
2,2004,770,0,1,8320,812,520,-93.684397,280
2,1997,878,0,0,9337,800,513,-93.69054200000001,525
2,1936,528,306,1,6240,492,624,-93.623483,252
1,1959,1248,150,1,9840,0,480,-93.617544,195
2,2008,1498,0,0,14587,0,592,-93.642092,1498
1,1957,992,0,1,8712,0,756,-93.609226,132
2,1925,1151,0,1,10284,436,580,-93.61553599999999,55
1,1928,1042,0,0,6240,534,225,-93.621484,1042
3,2004,1117,113,0,13418,1320,691,-93.657149,1117
2,1967,0,0,1,10791,0,516,-93.671213,0
3,2005,1158,240,0,14215,1218,853,-93.65711800000001,1158
2,2002,972,225,0,8470,839,565,-93.63936600000001,471
1,1973,526,120,1,1974,462,297,-93.603601,25
3,1990,1673,367,0,12376,1523,594,-93.68329,203
2,1941,984,0,1,10998,620,660,-93.655674,156
3,2005,1570,176,1,11645,0,754,-93.689084,448
1,1973,483,52,1,1680,504,264,-93.62897099999999,25
1,1973,546,120,1,1974,546,286,-93.60359,212
2,2002,1573,0,1,9808,0,544,-93.691175,785
1,1947,1046,0,1,9488,0,240,-93.658159,1046
3,1998,1044,210,0,9660,897,885,-93.654519,253
2,1973,1242,0,0,9600,0,528,-93.631302,326
2,1979,1094,120,0,7040,0,672,-93.67914559999998,0
0,1971,912,128,1,9400,912,0,-93.60762199999999,912
0,1956,882,0,1,5500,0,0,-93.61330090000001,882
2,2003,847,100,0,12394,886,433,-93.63988,847
2,1900,978,0,1,10615,685,420,-93.62008,538
0,1907,707,0,1,6449,942,0,-93.657573,634
2,2001,1267,256,1,6718,0,471,-93.64679100000001,1017
2,1954,1367,0,0,11310,0,451,-93.618593,1367
2,2009,1502,0,1,9541,0,644,-93.643771,1502
3,2008,2216,0,0,17423,0,1166,-93.627751,312
1,1952,732,0,1,7200,0,240,-93.607814,0
2,2004,600,0,1,2544,600,480,-93.644889,190
3,2008,1720,208,0,10816,0,846,-93.689091,616
2,1988,1461,224,0,10200,0,600,-93.64426999999999,678
1,1976,536,182,1,2592,576,336,-93.604425,175
2,1930,697,0,0,14210,697,365,-93.640612,697
3,1910,741,0,1,9720,741,640,-93.607058,741
2,1954,967,81,0,11375,0,494,-93.66198299999999,231
3,2002,1569,262,1,11664,0,1231,-93.68781899999999,335
0,2005,1131,0,1,13072,0,0,-93.691787,1131
2,2004,840,0,1,3515,840,588,-93.64614,840
2,1981,1440,0,0,12546,0,467,-93.637875,762
2,1930,960,248,0,7804,960,480,-93.648411,0
1,1954,1008,0,0,11425,0,275,-93.622649,522
2,2005,784,100,1,7632,754,449,-93.691247,784
2,1977,0,0,1,10125,432,539,-93.604519,0
3,1976,1012,0,1,12328,0,888,-93.600797,473
2,1996,870,71,1,11105,0,580,-93.69188,0
2,1975,855,173,0,2280,601,440,-93.625924,341
2,1957,1392,0,0,11341,0,528,-93.672381,90
0,1923,440,0,1,5900,0,0,-93.62918499999999,440
3,2002,870,0,0,12891,1126,644,-93.642932,219
2,1965,1625,0,1,9750,0,484,-93.63245490000001,1625
2,2000,782,0,1,8998,870,532,-93.690276,255
2,1960,1179,0,1,8240,0,622,-93.671453,1179
1,1918,816,0,1,10267,0,275,-93.625623,0
2,1994,915,144,0,8750,975,493,-93.67994,273
1,1958,1276,0,1,9571,0,350,-93.667209,1276
2,1999,1339,176,1,7321,0,625,-93.639931,1339
2,1992,836,192,1,8285,893,506,-93.68781899999999,439
1,1962,1188,261,1,26142,0,312,-93.60685600000001,595
2,1990,1223,0,0,19522,1232,564,-93.661846,496
2,1993,864,144,1,11613,900,492,-93.689767,384
2,2002,1487,196,1,8773,0,543,-93.624411,536
2,1972,864,216,1,12735,0,576,-93.62426500000001,264
2,2001,1492,0,0,11166,0,608,-93.68862800000001,1468
2,2007,1246,0,1,7697,0,462,-93.644366,1246
2,2009,1218,0,1,9215,0,676,-93.649976,1218
2,1960,1296,0,1,9600,0,450,-93.6285065,638
2,2006,738,100,0,8857,757,440,-93.644788,738
2,1969,952,280,0,11075,1020,576,-93.617424,176
3,2007,1580,0,1,11932,0,830,-93.64410699999999,1580
2,1965,912,0,1,8872,0,576,-93.6261431,317
2,1979,1259,240,0,10400,0,478,-93.635411,356
1,1920,755,0,1,4899,755,216,-93.64841700000001,450
1,1925,884,0,0,6000,464,216,-93.622513,884
3,1900,1095,0,1,9600,679,779,-93.616886,1095
3,2007,1582,209,1,12704,0,905,-93.65464200000001,570
2,1997,1405,0,0,10943,0,522,-93.624431,475
2,2007,1428,0,1,11639,0,480,-93.648255,1428
1,1948,1082,0,0,11664,0,240,-93.61061099999999,746
2,1956,301,0,1,7700,0,684,-93.612464,30
2,1968,570,0,0,10192,698,487,-93.6346,570
2,1958,1604,42,1,8267,0,576,-93.617693,1604
1,1931,715,48,1,6120,0,180,-93.62362900000001,506
2,1983,1084,120,1,9187,0,484,-93.607597,748
1,1954,988,366,1,10512,638,332,-93.66712,497
2,1976,1090,0,1,11000,0,502,-93.60511899999999,0
2,2003,1434,168,0,12822,631,670,-93.607252,83
1,1950,1164,0,1,10880,0,240,-93.662924,124
3,2003,1482,168,0,12244,780,749,-93.647834,611
2,1994,702,0,0,8125,779,343,-93.636822,702
1,1971,372,35,1,10500,533,288,-93.627736,23
2,1963,936,120,1,8800,0,480,-93.62572800000001,173
2,1922,588,431,0,11526,748,672,-93.646438,588
1,1949,832,0,0,12144,0,288,-93.609059,457
1,1924,768,316,1,9022,0,240,-93.614049,768
2,2006,1125,80,1,8536,0,430,-93.674307,1125
2,1964,822,239,0,9760,831,440,-93.60483599999999,169
2,1900,662,0,1,13600,915,560,-93.616911,662
2,1990,1312,0,0,5118,0,484,-93.631633,386
2,1918,1163,72,0,21780,511,396,-93.660595,1163
2,1973,1044,455,0,12712,0,542,-93.662134,76
2,2003,1560,100,1,9196,0,573,-93.603972,1560
3,1958,1584,0,1,11475,0,888,-93.623411,1584
1,1921,731,192,0,7681,523,186,-93.644295,731
3,2006,1598,230,0,9658,0,871,-93.65048,1598
3,1996,1840,0,1,23730,0,786,-93.607342,1140
2,2004,848,140,0,4435,0,420,-93.683728,186
4,1922,892,0,0,10836,182,1488,-93.61226500000001,892
2,1977,1694,501,0,14694,0,642,-93.645923,306
2,1992,3200,264,0,12692,0,546,-93.65334,1969
2,1940,861,158,1,12342,0,539,-93.6721573,599
2,2005,1346,156,0,3182,0,457,-93.642597,1330
2,2007,1372,0,1,8640,0,529,-93.650358,1372
2,1977,0,0,0,8400,0,630,-93.6791142,0
2,1971,1258,55,1,11040,0,528,-93.63152600000001,602
2,2001,1299,160,0,11885,573,531,-93.68262299999999,309
1,1972,672,0,1,1680,546,264,-93.62736600000001,355
2,1983,864,164,1,8885,0,484,-93.60268,239
3,1990,700,127,0,13474,1121,746,-93.684102,0
2,2002,1492,277,0,8000,0,596,-93.639516,659
2,1978,1664,0,1,8385,0,616,-93.606736,1664
1,1980,923,80,0,8012,0,264,-93.686417,261
3,1993,1347,340,0,9900,1274,656,-93.654048,360
2,1989,1337,0,0,5950,0,462,-93.63158100000001,1018
0,1890,684,0,1,5914,396,0,-93.6112887,684
2,1998,866,198,1,10400,913,546,-93.69054799999999,866
2,1973,942,728,0,3964,1230,576,-93.60351800000001,105
1,1959,1053,0,1,10007,0,312,-93.623267,247
1,1950,910,0,1,8674,525,308,-93.6262716,0
2,1974,1037,136,1,10751,0,431,-93.660522,250
1,1964,1302,333,1,9350,0,309,-93.6279875,452
2,1967,1680,0,1,9900,0,550,-93.62568,507
1,1929,862,0,0,6000,208,208,-93.623514,862
0,1900,0,220,1,10800,600,0,-93.61225300000001,0
3,2006,1709,169,0,11146,0,908,-93.653152,1709
3,2004,1420,168,0,13215,488,746,-93.6534099,426
1,1930,742,0,1,9100,0,308,-93.62572800000001,742
1,1926,1276,0,0,10918,804,282,-93.644636,1276
2,2007,1884,0,0,11449,0,520,-93.65321800000001,873
3,2005,1398,182,0,16023,1384,670,-93.629601,180
2,1977,690,252,1,7950,728,440,-93.6755239,155
2,1999,1490,144,1,10335,0,577,-93.690324,811
2,1992,1683,0,0,10678,743,541,-93.652658,983
1,1957,0,116,0,9060,0,252,-93.658537,0
3,2000,1160,0,0,9545,1029,768,-93.654444,655
2,1970,1002,0,1,8750,0,902,-93.626554,174
2,1977,1386,192,0,11900,0,544,-93.635056,564
2,1992,750,240,0,10186,862,564,-93.646749,76
1,1956,1050,0,1,9600,0,338,-93.624612,546
2,2004,868,120,0,7984,762,436,-93.641772,868
3,2008,796,0,1,12018,816,666,-93.65043100000001,796
1,1962,1027,0,1,8000,0,299,-93.60597,188
2,2001,1212,356,1,9100,0,573,-93.68218,1212
0,1910,1117,85,1,7000,527,0,-93.66187790000001,148
3,2007,1643,192,0,10235,0,870,-93.69101500000001,1643
3,1969,1248,0,1,9671,1296,907,-93.610355,1248
1,1968,1056,0,0,8450,0,304,-93.62880600000001,281
3,1998,1049,0,0,11050,880,741,-93.604947,434
2,1952,960,0,1,7596,1000,400,-93.620216,960
1,1977,985,210,1,8385,0,328,-93.686888,390
1,1940,756,0,1,8160,378,240,-93.657089,444
2,1998,1482,402,0,16196,0,514,-93.689449,39
2,1932,952,0,0,16560,1175,360,-93.641002,449
1,1968,1051,466,0,11553,0,336,-93.676455,378
2,2004,835,100,1,16219,0,437,-93.644064,56
1,1973,672,0,1,2058,546,264,-93.62785500000001,672
1,1938,972,0,0,18600,558,480,-93.671178,0
2,2006,1511,0,1,3784,0,476,-93.647166,1451
3,2003,1603,216,0,10845,0,732,-93.651216,454
1,1954,811,0,1,6000,576,256,-93.607776,811
2,2005,1247,0,0,3316,0,550,-93.646526,208
1,1925,641,184,1,7030,0,272,-93.629496,641
2,1992,908,120,0,10041,988,506,-93.68216,119
1,1972,483,0,1,1680,465,264,-93.62987700000001,207
3,2006,2121,124,0,14450,0,732,-93.6570383,2121
2,1999,938,188,0,7500,1342,482,-93.63906800000001,938
2,1998,384,256,0,8923,631,396,-93.63920999999999,195
1,1966,1040,0,1,11677,0,264,-93.67369000000001,30
2,1914,880,0,0,10800,888,320,-93.613889,490
1,1940,735,0,1,10134,299,240,-93.61548499999999,735
2,2002,1536,192,1,9135,0,532,-93.687825,726
2,1926,756,25,1,6120,378,379,-93.621504,405
2,1966,1517,0,0,16492,0,578,-93.614244,557
2,1987,1645,224,0,14419,0,578,-93.6446004,117
2,1920,861,0,1,7404,0,288,-93.608829,861
1,1966,894,0,1,7094,0,384,-93.676953,340
1,1910,684,0,1,3600,684,216,-93.6127958,684
2,1979,1086,120,0,7018,0,528,-93.6791403,0
2,2008,768,0,1,9000,804,676,-93.6504,768
2,1995,990,224,1,13568,0,576,-93.69200500000001,274
3,2007,1485,168,1,15256,0,754,-93.64175999999999,556
2,1980,561,150,0,1300,668,462,-93.64574300000001,276
0,1949,448,0,1,12205,0,0,-93.606802,448
3,2002,1568,150,0,13265,0,857,-93.60712099999999,350
2,1971,1696,0,0,20693,0,625,-93.643548,1262
2,1995,781,0,0,13041,890,423,-93.63748199999999,781
2,1978,1032,0,0,10395,0,564,-93.63266899999999,427
2,2008,1566,144,1,9000,0,750,-93.64710500000001,488
2,1970,1004,0,0,11241,0,480,-93.626231,426
2,1999,951,208,0,13426,828,586,-93.689083,57
2,1950,0,0,0,21370,0,394,-93.65815,0
2,1995,1230,172,0,11064,0,477,-93.648705,0
2,2005,600,0,1,3180,600,480,-93.644891,600
3,2008,2046,322,0,11844,0,834,-93.628639,2046
2,2005,738,100,1,8633,738,540,-93.684536,545
1,1954,864,0,1,10215,0,248,-93.66350899999999,372
2,2003,782,0,0,8965,683,400,-93.640051,130
2,1959,0,0,0,17120,468,680,-93.657031,0
1,1961,552,290,0,15400,611,384,-93.66636,552
2,1957,1705,0,0,39384,0,550,-93.616439,595
1,1922,993,0,0,6380,0,280,-93.62238599999999,993
2,1994,707,0,0,8803,809,409,-93.637671,107
2,1984,1060,178,1,7400,0,506,-93.67190500000001,0
1,1953,1105,225,0,9532,0,280,-93.618606,156
1,1967,943,0,0,7514,0,300,-93.628857,462
2,1979,0,0,1,7018,0,400,-93.67952729999999,0
3,2006,1623,0,0,13501,0,865,-93.642234,1560
2,1989,1210,320,0,26178,1281,628,-93.644527,245
2,2002,831,144,1,8935,829,493,-93.689431,831
0,1936,264,0,0,6120,0,0,-93.623643,264
2,1997,1189,0,1,4500,0,392,-93.608197,325
2,1958,1444,0,0,159000,700,389,-93.682439,747
2,1925,952,74,1,7264,596,672,-93.62798149999999,952
1,1930,637,0,0,7449,0,280,-93.62830100000001,637
1,1941,672,0,1,9340,0,234,-93.66526999999999,328
2,1995,680,192,0,8139,790,420,-93.637796,204
2,1980,712,305,0,9839,862,440,-93.64488399999999,250
2,1960,0,0,0,21750,0,336,-93.608359,0
0,1900,245,0,1,9392,0,0,-93.60542099999999,245
2,1964,1092,0,1,8250,0,504,-93.6277098,305
3,2003,1082,114,0,13262,1295,730,-93.6545189,1082
2,2007,1363,192,1,8640,0,588,-93.650397,1339
1,1958,1041,0,1,7350,0,294,-93.606891,1041
2,1997,635,142,1,10021,662,497,-93.690402,96
3,2005,1792,204,0,13758,0,925,-93.654997,560
1,1962,896,24,0,6760,0,288,-93.604562,162
3,2006,1518,0,1,11563,0,788,-93.653122,482
2,1998,943,100,0,9042,695,472,-93.638778,115
1,1941,672,0,1,12180,252,280,-93.660168,324
2,1976,958,0,1,4928,0,440,-93.62724399999999,0
2,1997,1040,331,0,9375,1054,621,-93.680864,1040
2,1974,1434,80,0,10200,0,528,-93.619562,590
1,1941,768,0,0,9492,408,240,-93.620497,359
2,2004,848,149,0,4426,0,420,-93.683127,151
1,1941,676,26,1,5720,455,200,-93.62026,676
1,1975,852,192,1,8750,0,360,-93.60104,98
2,1974,1116,0,0,10140,0,528,-93.632178,228
3,2006,1088,208,0,9000,871,1025,-93.647584,1088
2,2007,628,100,0,10616,728,484,-93.691284,628
2,1976,1262,298,0,9600,0,460,-93.645544,284
3,2006,1795,0,0,9986,0,895,-93.64395999999999,1795
2,1974,752,297,0,12732,782,784,-93.631881,150
3,2006,2140,136,1,10481,0,894,-93.69067,2140
1,1970,546,238,1,2217,546,286,-93.60176,0
3,2008,1774,200,0,13514,0,850,-93.652084,632
1,1963,1117,0,1,7590,0,264,-93.603702,1117
0,1974,896,32,1,9000,896,0,-93.625856,896
2,1970,765,0,1,2368,600,440,-93.628119,0
3,2006,1850,212,0,13418,898,850,-93.657188,430
1,1950,1200,126,1,9600,0,246,-93.61719000000001,810
2,1997,928,212,0,13830,701,482,-93.638933,137
1,1956,1144,44,1,9571,0,596,-93.66770799999999,405
3,2007,1978,308,0,12633,0,920,-93.651703,338
3,2007,1034,0,0,10800,1028,836,-93.64304229999999,245
3,2005,1308,0,1,11003,568,848,-93.689071,1308
1,1967,912,64,0,8789,0,288,-93.671926,253
3,1993,1080,385,0,10010,1089,783,-93.653908,0
2,1999,970,115,1,2645,756,480,-93.641799,321
1,1900,540,0,1,5000,551,352,-93.615365,540
1,1924,1032,0,1,7741,0,280,-93.61833399999999,817
2,1980,845,288,0,13005,1200,484,-93.637343,153
2,1960,585,0,0,27650,0,505,-93.604106,160
1,1945,793,0,1,8480,0,240,-93.6167912,93
0,1935,520,53,1,6780,0,0,-93.629501,30
2,1964,1425,0,0,10175,0,576,-93.62955500000001,935
2,1976,1040,100,0,4224,0,572,-93.605355,200
2,2003,530,0,1,2403,550,496,-93.645478,286
2,1978,1529,0,0,12299,0,663,-93.637158,201
1,1937,731,0,0,7200,787,240,-93.64616540000002,162
2,1914,676,424,1,15564,588,400,-93.646288,676
2,1964,1152,227,0,14112,0,484,-93.627809,138
0,1955,0,0,1,6012,0,0,-93.6649923,0
2,2000,1406,188,0,11194,482,504,-93.641467,1406
1,1923,949,0,1,5142,343,205,-93.6558,725
2,2007,1266,100,0,3710,0,388,-93.642177,1266
2,2007,728,100,1,7713,728,400,-93.644447,728
1,1926,1290,0,1,7223,0,352,-93.646817,971
3,2006,879,100,0,14054,984,660,-93.644366,879
2,1989,868,0,0,12128,1246,506,-93.683235,319
1,1930,912,0,1,9439,336,160,-93.6047622,588
3,2006,1391,0,1,8760,571,868,-93.688924,927
2,1992,1168,483,1,7980,0,420,-93.635951,233
2,1962,1776,453,0,11679,0,528,-93.660227,0
2,1998,970,0,0,3951,924,846,-93.64174200000001,0
2,1964,1420,92,0,11235,0,572,-93.67555899999999,635
2,2003,1657,0,0,10635,0,502,-93.687922,315
1,1961,882,140,1,11622,0,730,-93.61975600000001,270
2,2004,831,144,1,11920,828,484,-93.692412,831
1,1984,1049,0,1,4235,0,266,-93.6641939,104
0,1946,666,0,1,5000,0,0,-93.629545,367
0,1991,974,0,1,10712,0,0,-93.606641,762
1,1959,988,156,1,9240,0,297,-93.616434,280
2,1953,1094,0,0,10452,0,495,-93.665571,594
2,1969,973,160,1,8723,0,480,-93.634528,0
2,1997,928,276,1,15426,836,470,-93.688372,107
2,1993,903,290,0,7655,732,392,-93.63583299999999,903
2,1967,1632,0,1,25000,0,576,-93.6072813,1632
1,1960,978,0,0,12342,0,286,-93.62474499999999,978
2,2004,1235,0,1,3435,0,495,-93.646113,1211
2,1979,914,0,1,6950,0,444,-93.687219,132
2,1990,1453,500,0,9572,1357,750,-93.653082,971
1,1956,1200,0,0,10400,0,294,-93.61454300000001,295
1,1957,816,0,1,7100,0,308,-93.609073,108
2,2002,826,320,1,9930,884,591,-93.686288,370
2,1996,860,225,0,15295,780,608,-93.6800822,98
2,2003,912,182,0,9375,1182,615,-93.641746,912
1,1940,940,0,0,8400,403,240,-93.651811,552
0,1946,1195,118,1,8741,0,0,-93.664686,1195
2,2005,784,144,1,8400,827,572,-93.684116,784
2,1924,596,218,1,10320,596,370,-93.626858,596
1,1976,546,0,1,1890,546,286,-93.603422,546
3,1999,1252,0,0,9430,1097,856,-93.65429,89
2,2006,1352,0,0,4230,0,466,-93.646653,1352
2,2004,1517,0,1,10171,0,532,-93.652307,1515
2,2004,707,100,0,9056,707,403,-93.64360490000001,707
2,1976,803,0,0,10480,866,483,-93.63417690000001,400
1,1930,930,0,0,7810,525,231,-93.642359,741
1,1939,672,0,1,6240,423,280,-93.624539,624
2,1961,864,0,1,8499,0,732,-93.674051,204
2,1951,836,0,1,8877,0,396,-93.676361,0
2,1974,1040,265,0,10140,0,484,-93.630289,0
1,1925,765,135,1,5000,0,200,-93.625586,577
2,1993,680,232,0,9765,790,420,-93.637046,370
2,1994,392,256,0,10147,770,398,-93.63634499999999,206
2,1988,929,108,0,8883,927,619,-93.68494399999999,0
1,1953,1216,200,0,12099,0,371,-93.618445,1018
1,1928,861,0,0,6292,600,216,-93.64841899999999,861
1,1994,990,0,1,8775,0,299,-93.69206899999999,495
2,2003,1094,0,1,12450,0,576,-93.68911999999999,365
2,1927,1008,0,0,8960,0,360,-93.62024100000001,1008
2,1986,279,216,0,18044,0,691,-93.640182,279
2,2004,848,140,0,4438,0,420,-93.681401,186
2,2008,1726,0,0,3830,0,561,-93.647039,1726
3,2002,1616,0,0,14536,0,808,-93.64758499999999,316
2,2004,1860,120,0,9100,0,484,-93.681895,1836
2,2004,835,146,1,10628,941,478,-93.69143000000001,835
1,1939,972,0,0,6435,605,312,-93.62602199999999,972
2,1997,1417,60,0,8750,0,511,-93.681343,306
2,1915,663,49,0,7200,821,528,-93.6116427,325
2,2005,1141,0,1,13072,0,484,-93.691754,1141
3,2006,1790,186,0,12469,0,730,-93.6588809,639
3,2007,1704,0,0,11478,0,772,-93.654645,486
1,1956,1134,0,1,17140,0,284,-93.671177,75
2,1979,1782,467,0,14450,0,551,-93.636505,469
2,1980,516,213,0,1879,516,462,-93.64574300000001,150
1,1896,756,0,1,8712,0,330,-93.60775,756
2,1999,1344,328,0,11875,0,686,-93.608223,1344
1,1956,0,0,1,7785,0,267,-93.621336,0
2,1910,622,0,1,7740,622,528,-93.607238,622
2,1966,756,0,0,7700,788,442,-93.603705,756
1,1954,936,0,1,9000,0,286,-93.6181153,124
3,2007,1615,168,0,9345,0,864,-93.69109499999999,1615
1,1972,494,0,1,1890,536,264,-93.627103,212
1,1920,1147,0,0,5520,510,162,-93.61851999999999,863
2,1959,1626,272,1,8393,0,588,-93.622312,1098
2,2003,848,140,1,4435,0,420,-93.68112099999999,162
2,1979,0,0,1,7018,0,410,-93.679784,0
2,1998,928,150,0,8750,844,492,-93.688383,322
1,1941,1152,0,0,9042,1152,252,-93.64279300000001,877
2,1976,804,48,0,2308,744,440,-93.624575,248
0,1931,894,0,0,9839,772,0,-93.64678,894
4,1997,1344,0,1,7060,0,784,-93.608343,35
3,2008,1452,126,0,14948,1237,858,-93.652744,122
2,2003,848,140,1,4435,0,420,-93.681227,176
1,1928,1008,265,0,7111,0,288,-93.62880600000001,329
1,1939,0,48,1,11067,0,256,-93.628222,0
0,1958,960,0,1,6410,0,0,-93.6663375,960
1,1936,1017,0,0,11500,1037,180,-93.641155,794
1,1957,967,0,1,9060,671,384,-93.625147,967
2,1948,747,0,0,57200,0,572,-93.657894,60
2,2000,756,0,1,2998,756,440,-93.645617,403
1,1880,636,0,1,9000,661,240,-93.614011,636
2,1974,864,0,1,11800,0,440,-93.684962,201
2,1900,1075,0,1,9639,642,342,-93.61046999999999,1075
1,1923,1200,0,1,11340,0,312,-93.608901,1200
2,2006,1652,404,0,13173,0,840,-93.657483,80
2,1954,1296,108,0,14778,0,924,-93.640293,568
2,2004,970,0,1,2522,739,380,-93.669985,970
1,1924,784,0,1,9738,272,392,-93.660119,392
2,1941,720,0,1,5000,0,360,-93.59656899999999,604
2,2007,608,100,0,11069,788,440,-93.6843,608
0,1916,216,0,1,8520,360,0,-93.604344,216
1,1968,1052,356,1,8400,0,288,-93.627517,36
2,2007,866,144,1,10769,902,578,-93.69097099999999,846
2,2005,891,144,1,7800,795,462,-93.69124599999999,891
2,1998,926,100,1,9535,678,472,-93.638775,75
2,1910,1226,0,1,6300,878,432,-93.615361,1226
2,1919,764,0,0,13515,764,520,-93.62576,764
2,1993,1173,173,0,11692,1017,623,-93.652117,549
2,1958,1052,0,0,13650,668,451,-93.66556899999999,554
2,2003,912,124,1,9157,942,486,-93.646638,912
2,1988,1228,168,0,4671,0,472,-93.632013,461
2,1949,782,0,0,17360,537,470,-93.620504,482
2,1947,1004,0,0,5000,660,420,-93.625576,605
1,1971,483,0,1,1680,504,264,-93.627309,125
2,1968,727,0,1,11700,727,441,-93.63534200000001,429
2,2006,1573,123,0,4750,0,538,-93.61561800000001,0
2,2003,1682,192,1,9135,0,544,-93.687826,1342
1,1958,1151,0,1,9000,804,356,-93.62514300000001,821
1,1945,0,0,1,6120,0,164,-93.622566,0
2,1929,832,48,1,6120,0,576,-93.6224,832
1,1958,588,224,1,10482,0,264,-93.623104,81
2,1999,841,0,0,24682,783,502,-93.641397,841
2,1990,1300,192,0,10176,0,506,-93.634626,663
1,1968,1196,257,1,10044,0,336,-93.677545,126
3,2008,1926,144,0,13518,1174,820,-93.652716,1926
1,1910,616,212,1,11388,218,275,-93.655631,616
3,1928,672,0,0,19950,672,795,-93.661562,672
3,1993,1080,196,0,11228,1017,678,-93.68119899999999,499
2,1915,1048,0,1,8094,720,576,-93.621525,1048
1,1924,1093,0,1,8707,576,288,-93.659222,1093
2,1970,1947,301,0,19900,0,576,-93.614307,1035
2,2003,835,168,1,12774,828,478,-93.691695,835
2,1993,1181,0,0,7250,0,430,-93.635824,1181
2,2005,1346,156,0,3182,0,437,-93.64243990000001,1330
2,1996,1065,120,0,21533,984,467,-93.679147,1065
1,1942,771,0,0,7500,741,213,-93.6397,224
2,1958,1261,0,0,9120,0,433,-93.61754300000001,599
2,1975,713,209,0,11475,741,434,-93.637191,163
2,1993,697,190,0,7685,804,420,-93.636949,179
0,1919,793,0,1,8500,520,0,-93.628412,793
1,1926,572,0,0,5700,539,288,-93.60964820000001,572
1,1969,971,0,0,9920,0,300,-93.68498199999999,448
1,1900,686,0,1,56600,686,288,-93.577427,686
3,2005,1698,192,0,11520,0,730,-93.65332,1588
2,1969,1026,171,1,7930,0,440,-93.62870699999999,115
2,2006,1612,0,0,8035,0,556,-93.629538,815
1,1966,1080,238,0,11380,0,315,-93.61822099999999,136
3,2005,1390,272,0,15922,1405,660,-93.626337,1390
2,1995,1680,152,1,17871,0,628,-93.64492299999999,1680
3,2007,1508,192,0,23303,1012,640,-93.65673699999999,278
1,1951,0,0,1,31250,0,270,-93.610268,0
2,1990,1332,0,1,7175,0,542,-93.686267,1332
1,1950,1208,0,1,7200,768,240,-93.60891,676
3,2009,2006,156,0,12220,0,900,-93.654567,570
3,2006,2660,0,0,51974,0,1110,-93.626366,1559
2,2006,608,100,1,13204,850,454,-93.64573,608
1,1965,648,88,1,10246,0,364,-93.66954399999999,0
2,2004,1686,255,0,10084,0,636,-93.641251,317
3,2005,1094,144,0,12665,1349,642,-93.64756899999999,1094
2,1959,1244,0,0,10032,0,440,-93.614241,510
1,1966,1092,259,1,9825,0,264,-93.677551,483
2,1997,1057,576,1,9375,977,645,-93.681411,318
0,1940,996,144,0,13907,0,0,-93.673137,706
2,1977,716,0,0,8286,716,531,-93.604524,185
0,2006,1140,36,1,17217,0,0,-93.60714200000001,1140
2,1994,948,0,0,8880,888,463,-93.68981,253
3,2007,918,172,0,9709,1142,786,-93.654617,140
2,1969,720,0,1,9743,588,484,-93.637105,440
0,1987,1200,120,1,10800,0,0,-93.65820699999999,0
2,2008,1402,205,1,8640,0,625,-93.650338,1402
1,1967,949,88,1,8050,0,308,-93.62919000000001,437
2,1977,808,0,0,11952,808,534,-93.633973,808
2,1965,864,60,0,13700,918,492,-93.6167,410
0,1920,528,0,1,9098,0,0,-93.66468,180
2,2000,794,0,0,8433,695,394,-93.641313,111
2,1979,0,0,1,9555,1133,579,-93.674327,0
2,2000,1614,230,0,4765,0,495,-93.646984,587
0,1970,546,0,1,1526,546,0,-93.601844,546
3,1999,1152,132,0,11764,1106,671,-93.650356,628
2,1993,1337,96,0,5395,0,462,-93.633905,604
1,1910,485,394,1,5310,634,255,-93.621562,485
1,1971,950,0,1,9758,0,280,-93.627112,251
2,1971,864,0,1,7560,0,576,-93.630208,132
1,1961,1150,0,1,7000,0,288,-93.60674399999999,369
3,1935,728,314,0,14100,1479,1014,-93.642597,536
1,1926,1149,0,1,5400,467,216,-93.608882,779
1,1948,1212,0,1,9600,442,240,-93.617164,936
1,1921,1228,0,0,7290,0,312,-93.651635,1228
2,1999,1557,124,0,4109,0,484,-93.647047,416
2,1957,998,0,0,14250,0,540,-93.6194043,998
2,2006,868,0,0,23257,1134,422,-93.635932,868
2,1999,1588,158,1,10264,0,472,-93.69021500000001,426
2,1994,928,300,1,8462,785,471,-93.689026,114
2,2003,1121,132,1,8546,0,440,-93.66751,1121
3,1997,1779,76,0,12191,772,925,-93.655711,598
2,1978,1319,0,0,7424,0,591,-93.671511,0
2,2005,1714,156,0,8147,0,517,-93.63006999999999,523
2,1978,1057,133,0,3840,0,571,-93.648172,0
2,1948,780,0,1,9184,375,400,-93.62005,780
1,1960,1010,0,1,7000,0,254,-93.606932,422
2,1972,1153,140,1,13110,0,501,-93.633752,191
1,1901,969,0,1,5680,245,216,-93.6220032,969
1,1956,1196,0,0,9000,0,297,-93.614856,580
2,2004,1594,128,0,3811,0,482,-93.615985,120
3,2006,1850,250,0,16052,848,736,-93.627767,644
2,1957,1347,0,1,5805,0,551,-93.61791120000001,0
2,1964,533,0,1,10600,644,480,-93.626785,533
2,1910,240,0,1,15660,496,472,-93.61559799999999,240
2,2003,660,0,1,7750,660,400,-93.643641,660
2,1972,894,215,1,7200,0,600,-93.683159,117
1,1948,789,0,1,6000,0,250,-93.608867,516
2,2001,1531,184,0,12728,908,560,-93.681196,333
2,1999,691,0,1,3735,739,506,-93.645482,241
1,1966,988,0,1,7150,0,360,-93.62579709999999,263
2,1969,784,0,0,10457,848,898,-93.60019100000001,0
2,2006,738,100,0,8333,753,484,-93.684271,738
3,1995,2033,283,0,14720,1185,666,-93.65297199999999,1217
2,1900,954,142,0,10800,648,520,-93.612404,290
2,1965,1728,0,1,13101,0,576,-93.62463199999999,1497
2,1977,1602,240,0,16635,0,529,-93.632417,356
2,2003,868,160,0,9590,0,438,-93.646788,82
2,2002,783,100,0,7861,702,393,-93.642588,326
2,1900,716,0,1,9856,1007,624,-93.618539,716
2,1962,1438,520,0,18275,548,441,-93.60674,802
2,1959,0,0,0,47007,0,624,-93.67558199999999,0
1,1961,864,158,1,9079,0,440,-93.67571600000001,0
1,1959,1246,218,1,7500,0,305,-93.60596899999999,0
2,1999,744,0,1,2280,792,440,-93.644118,194
1,1948,720,0,0,21286,551,312,-93.657958,720
1,1920,798,112,1,5747,0,250,-93.606803,798
2,1988,1166,0,1,4740,0,480,-93.631622,918
2,2006,1187,105,1,6762,0,632,-93.69126899999999,501
2,1910,440,74,1,10440,548,440,-93.615583,440
2,2002,1777,171,0,9742,0,534,-93.68786,1777
3,2008,5095,546,0,39290,0,1154,-93.6762195,1085
2,1900,938,0,1,7745,867,576,-93.618335,938
3,1996,1236,192,0,14311,1104,787,-93.63023100000001,213
3,2008,1573,0,0,9262,0,840,-93.64394399999999,1573
2,2000,673,153,1,2651,709,490,-93.64547900000001,32
2,1980,1372,233,0,14115,0,588,-93.634212,336
2,1999,941,460,0,9649,683,460,-93.640658,941
2,2008,1884,231,0,7390,0,649,-93.65420400000001,1084
2,2005,600,0,1,2544,623,480,-93.644891,600
1,1980,430,188,1,1700,680,450,-93.674402,33
0,1977,1440,321,1,7711,0,0,-93.6644275,0
2,2002,1459,192,0,8749,0,527,-93.68679499999999,1459
1,1953,773,0,1,7677,0,240,-93.61707,203
1,1945,672,210,1,7425,473,252,-93.6267116,672
2,1995,1200,0,1,11249,0,521,-93.688862,322
1,1950,1078,366,1,9717,0,240,-93.622864,0
1,1963,1045,0,0,7936,0,264,-93.603879,219
2,1990,1309,0,0,8049,0,484,-93.646575,256
3,2006,900,168,0,10603,886,782,-93.64287,218
2,1990,910,0,0,10357,0,719,-93.684102,172
2,1950,0,0,1,7200,0,420,-93.608909,0
2,2005,728,100,1,8029,728,400,-93.64177099999999,728
2,1959,1466,0,0,17755,0,528,-93.676369,1290
2,1963,1328,0,0,9790,0,528,-93.625926,678
1,1956,882,0,1,13008,0,502,-93.6188955,318
1,1959,1350,0,0,16905,0,308,-93.649757,383
2,2007,1528,0,0,9965,0,480,-93.644086,1528
2,2004,1422,192,1,8500,0,626,-93.684714,1422
2,1953,984,0,1,12774,0,400,-93.617086,232
2,1988,980,228,0,10421,734,496,-93.637788,586
2,2003,884,0,1,8158,884,543,-93.686982,334
1,1960,1075,0,1,7910,0,404,-93.60688,409
2,1941,720,237,1,12358,0,660,-93.622793,360
3,2006,1638,192,0,10656,0,870,-93.650417,1638
3,2004,1393,143,0,3940,0,668,-93.640958,306
2,1963,970,0,1,8480,0,624,-93.674475,340
1,1950,976,285,0,9780,976,299,-93.629501,224
2,1993,1280,224,0,10791,1215,660,-93.63687900000001,143
1,1945,0,0,1,8777,0,240,-93.6783313,0
2,1977,1844,0,0,11751,0,546,-93.633962,1139
2,2006,1220,100,0,3087,0,437,-93.641662,767
2,1994,990,0,1,8072,0,480,-93.69286679999999,244
2,1976,684,0,0,7200,714,440,-93.675173,396
2,1951,631,0,1,13070,0,480,-93.61721899999999,323
0,1964,912,0,1,8020,0,0,-93.669708,268
2,1964,1516,0,1,10004,0,472,-93.62941500000001,975
2,1915,880,0,1,10320,428,400,-93.62616209999999,880
1,1925,976,147,0,6171,448,216,-93.64842900000001,712
1,1961,914,140,1,17199,0,270,-93.6247461,600
2,1940,840,0,0,13680,727,440,-93.64280550000001,112
2,1990,1156,168,0,13758,530,400,-93.644366,254
2,1951,0,174,0,13108,0,400,-93.641948,0
1,1940,728,0,0,9600,332,256,-93.642371,300
1,1959,1144,86,0,8163,0,796,-93.617499,102
2,2005,1530,168,0,16158,0,430,-93.629357,256
2,2007,896,184,1,8640,896,590,-93.650299,546
2,1964,1008,154,0,10368,0,430,-93.627065,0
2,1996,1040,168,1,12464,0,576,-93.69188299999999,308
2,1916,1196,0,1,4800,0,440,-93.625297,999
1,1968,864,0,1,10172,0,288,-93.604279,423
0,1923,1296,0,1,10890,1296,0,-93.65181,925
2,1961,864,128,0,14357,0,440,-93.622834,386
2,2004,848,149,0,4438,0,420,-93.681436,186
2,1999,744,0,1,2280,744,440,-93.644172,195
2,1950,1032,0,1,15600,1075,484,-93.639781,657
2,1951,216,0,0,10170,0,400,-93.617069,216
2,1924,816,24,1,6000,750,450,-93.60883299999999,816
2,1998,1418,168,1,7380,0,495,-93.633547,1077
1,1954,1268,0,0,7800,0,244,-93.621431,728
2,2007,1218,0,1,9605,0,576,-93.69153,1218
1,1959,1040,140,1,7560,0,286,-93.60674300000001,671
2,2005,1577,203,0,7841,0,564,-93.653414,729
1,1971,525,0,1,1680,567,320,-93.62753599999999,225
2,1979,0,73,1,7018,1114,720,-93.679109,0
2,1929,926,0,1,5500,0,484,-93.608954,0
2,2004,1445,0,1,9750,0,470,-93.68520699999999,1421
2,2005,866,0,1,9803,902,603,-93.643836,466
2,1996,1260,120,0,14963,0,500,-93.647655,474
2,1971,1625,0,0,13001,0,944,-93.634714,1012
2,1955,960,0,1,6000,0,576,-93.607862,384
3,2004,1713,0,0,9591,0,856,-93.654724,625
1,1958,1442,0,1,9750,0,301,-93.61528100000001,834
1,1953,911,134,1,9520,0,286,-93.665829,144
2,2000,814,0,1,7500,860,663,-93.63936600000001,281
2,2003,384,100,0,11950,640,400,-93.639977,384
3,1995,1318,222,0,12257,1203,752,-93.653712,1198
2,2001,884,144,0,9505,1151,434,-93.641337,884
1,1975,1008,0,0,6305,0,352,-93.675268,480
3,1993,1286,432,0,12585,1234,704,-93.653479,0
1,1885,641,0,1,10800,0,273,-93.615432,641
1,1998,723,120,1,4058,0,367,-93.624798,0
2,2005,1302,110,0,3901,0,631,-93.649828,436
2,1989,1495,252,0,12890,0,438,-93.64467900000001,1495
1,1976,1041,296,0,7200,0,352,-93.675248,410
1,1930,813,0,1,5684,0,270,-93.618799,813
1,1963,725,460,0,10090,616,276,-93.607117,0
2,1985,1488,0,1,6820,0,528,-93.632913,0
3,2001,2633,314,0,11400,0,804,-93.651096,1351
1,1976,894,365,1,10650,0,308,-93.68774499999999,0
1,1920,1012,0,0,8263,0,308,-93.629496,1012
2,1988,880,292,0,21695,0,540,-93.643947,72
1,1916,714,88,0,8520,862,216,-93.62033000000001,0
3,2004,1462,184,0,8834,762,738,-93.654652,292
1,1940,1032,56,0,24090,1196,349,-93.656231,1032
2,1938,1272,0,0,6876,0,400,-93.627729,1272
1,1967,1141,0,1,9600,0,568,-93.626345,137
2,2006,1278,0,1,8640,0,584,-93.650361,1254
2,1986,1277,240,0,4084,0,512,-93.63979300000001,384
2,1968,1461,0,0,10335,0,440,-93.673601,891
2,2005,1058,179,0,10927,846,736,-93.650626,512
2,1990,1054,114,1,10778,0,462,-93.684708,308
2,1940,822,284,1,12172,0,512,-93.621503,433
2,1984,1040,0,1,9672,0,480,-93.685028,702
1,1910,0,119,1,21780,0,280,-93.588227,0
2,1974,864,241,0,13350,0,440,-93.67635200000001,102
2,1966,793,140,0,10050,0,432,-93.61706,191
2,1999,672,20,1,2160,720,462,-93.64372900000001,72
1,1967,992,204,1,10265,0,294,-93.677717,234
2,1935,1127,0,0,13728,872,540,-93.6608625,501
0,1972,630,96,1,1491,0,0,-93.60359,0
1,1940,755,120,0,9084,755,296,-93.65985500000001,755
1,1945,1028,224,0,7259,884,180,-93.642663,104
2,1992,1280,0,1,5070,0,506,-93.633797,1280
2,1998,1220,147,0,8413,1142,1105,-93.643456,319
2,1976,1142,536,0,4224,0,528,-93.605354,268
2,1976,1728,40,1,12640,0,574,-93.60447459999999,396
1,1966,864,0,1,7800,0,416,-93.677992,150
2,1970,1304,98,0,10400,0,530,-93.63509499999999,1304
2,1995,1128,0,0,9828,878,466,-93.682176,544
2,1948,768,108,1,8064,501,576,-93.61060400000001,453
1,1942,728,168,0,9480,756,312,-93.620491,342
3,2007,1466,100,1,8925,0,610,-93.650453,1450
2,2006,1476,120,0,9037,0,472,-93.650561,1048
2,1999,988,202,0,10820,885,597,-93.688952,646
3,2005,1149,120,0,12328,1377,729,-93.629075,163
1,1959,528,0,1,8000,0,288,-93.605968,0
1,1980,630,340,0,8012,636,283,-93.686413,630
2,2004,384,0,1,9734,630,400,-93.644251,30
1,1948,0,0,1,10122,0,390,-93.615484,0
3,2005,1700,237,0,13751,512,773,-93.635798,1640
3,2008,1702,0,0,8769,0,1052,-93.65136690000001,162
1,1920,660,0,0,10042,125,216,-93.660303,238
3,2006,1249,240,1,16259,1347,840,-93.658226,1249
2,1971,981,0,1,10530,0,576,-93.62633100000001,664
2,1959,1501,0,0,15602,0,484,-93.641677,254
1,1925,686,0,1,9906,518,210,-93.6195519,686
1,1930,837,154,1,6060,0,216,-93.613886,100
1,1938,803,0,1,7200,557,297,-93.6255067,803
1,1957,1216,116,0,8562,0,364,-93.66194399999999,833
2,2005,704,36,0,11646,718,440,-93.689081,704
1,1965,935,180,1,13526,0,288,-93.670998,0
2,2005,1257,38,0,7500,0,453,-93.64385899999999,1257
1,1922,1108,0,0,7793,908,315,-93.625825,634
1,1958,1329,393,1,14267,0,312,-93.6193873,406
2,1983,1496,349,0,12327,636,612,-93.685986,55
3,2005,1595,144,0,8987,0,880,-93.642368,1595
2,1994,1223,171,0,10944,904,525,-93.651801,223
2,2000,1673,306,0,11354,0,583,-93.682805,261
2,1995,1237,220,0,7875,0,402,-93.637883,1237
0,1970,546,187,1,1477,546,0,-93.603178,188
2,1977,795,0,0,16659,795,539,-93.6326645,0
2,2005,600,0,1,3180,600,480,-93.644891,600
1,1931,776,0,0,7200,651,270,-93.642821,776
2,2003,848,140,1,4435,0,420,-93.681439,163
2,2006,2220,390,0,14082,0,724,-93.628754,662
1,1969,1216,0,1,9000,0,336,-93.632823,261
2,1979,539,0,0,11584,685,550,-93.638554,114
2,2002,1065,199,0,11367,898,586,-93.687703,133
3,2006,1838,270,0,14601,0,765,-93.646816,578
2,1959,1252,0,1,10721,0,528,-93.62192259999999,1252
2,2007,1146,100,0,3710,0,428,-93.642326,1146
3,1995,1401,168,0,11454,0,811,-93.681136,631
1,1956,672,64,1,8926,0,288,-93.663302,672
2,2002,952,144,0,7500,860,469,-93.63922509999999,952
1,1926,768,0,1,10594,0,200,-93.646688,768
2,1950,0,0,1,7200,0,420,-93.60890400000001,0
3,1994,1165,309,0,10120,1323,844,-93.65360799999999,425
3,2008,1739,168,0,10367,0,927,-93.652884,724
2,1962,864,161,0,9240,0,576,-93.675723,252
2,1918,816,0,1,25339,0,576,-93.660671,816
1,1939,780,45,0,6000,587,280,-93.623515,780
3,2009,1930,168,0,10159,0,606,-93.65373290000001,284
2,2005,728,0,0,8461,728,390,-93.684332,728
1,1971,483,275,1,1680,504,264,-93.627271,327
2,1999,960,169,1,2645,624,480,-93.641785,348
1,1950,1092,0,0,14000,0,300,-93.641356,1092
1,1972,864,0,1,7180,0,352,-93.68315799999999,474
1,1972,525,352,1,1680,567,264,-93.629846,143
2,1991,624,22,1,10475,650,576,-93.60058199999999,166
1,1977,902,319,0,9750,0,351,-93.604716,135
1,1930,966,174,0,6240,412,230,-93.622551,966
2,1977,0,0,1,8927,368,528,-93.677123,0
2,1981,1740,228,1,15417,0,540,-93.648057,1619
2,2006,1524,168,0,10612,0,484,-93.642261,1496
2,1955,1763,0,0,17920,0,454,-93.66563000000001,372
2,1977,1040,0,1,8800,0,484,-93.685068,364
1,1958,1029,0,1,7560,0,294,-93.606889,525
2,1956,1436,0,0,9855,0,480,-93.667776,1436
1,1922,796,0,1,5436,358,240,-93.625291,61
2,2002,967,135,1,14191,915,431,-93.646814,967
3,2006,1935,315,0,14226,0,895,-93.65628609999999,1935
2,1998,1153,192,0,11404,878,541,-93.68271800000001,901
1,1965,1024,171,1,9316,0,288,-93.669554,480
3,2004,1618,0,0,16163,0,880,-93.65799100000001,1618
2,2007,752,100,1,8229,752,440,-93.644374,752
2,1976,1029,120,0,11333,0,539,-93.604923,490
1,1961,912,168,1,6768,0,288,-93.670551,80
2,2004,384,100,0,9434,630,400,-93.64410600000001,384
2,1928,689,0,0,9600,689,360,-93.616996,548
2,1972,1161,0,0,9360,0,676,-93.631435,179
4,1997,1288,0,1,7020,0,784,-93.608343,45
2,2007,1208,105,1,6762,0,628,-93.69135,544
2,1997,975,0,0,7399,975,576,-93.64218199999999,326
2,1975,864,0,1,9675,0,440,-93.684993,102
2,1948,699,0,0,11419,726,410,-93.620336,0
2,1947,784,0,1,7500,412,649,-93.617182,784
2,1976,1281,120,0,9991,0,490,-93.65921,165
1,1963,960,168,1,9239,0,300,-93.66372700000001,326
2,2004,1473,0,1,8400,0,606,-93.684015,761
1,1925,747,84,1,7506,412,288,-93.615484,747
2,1977,1350,0,0,9650,0,630,-93.637905,664
3,2008,1336,100,0,11896,0,660,-93.649203,1258
2,1978,672,335,0,11616,714,440,-93.672523,234
2,2004,384,100,0,13300,630,400,-93.644076,58
3,2009,1766,195,0,9187,0,478,-93.648809,645
3,2008,1468,210,0,9612,0,898,-93.644121,1468
3,2005,893,0,0,10463,900,800,-93.635837,893
1,1967,864,175,0,7838,0,288,-93.62895,95
2,1925,1181,342,0,8400,304,576,-93.651785,758
2,1968,702,224,0,11700,702,539,-93.63649699999999,143
2,1977,980,192,1,7064,0,484,-93.677008,420
3,2007,1341,144,0,9801,520,851,-93.64403,1341
1,1957,907,0,1,8593,0,352,-93.62267299999999,619
2,1994,1097,392,1,10859,0,672,-93.691585,1097
2,2003,1150,0,0,11060,1150,502,-93.671612,1150
1,1938,1058,0,1,10890,493,240,-93.651285,128
2,1916,816,0,0,8574,0,440,-93.64665500000001,816
2,2005,1541,0,0,12182,0,532,-93.652713,340
2,1993,799,0,0,7837,772,380,-93.636955,799
2,1928,1122,431,0,7804,653,576,-93.648414,500
0,1910,658,0,1,8410,526,0,-93.659222,658
2,2004,1221,0,1,7500,0,400,-93.64313100000001,811
1,1914,864,0,1,8212,0,200,-93.65671800000001,661
2,1998,1108,253,0,9750,989,583,-93.682686,133
1,1977,1026,316,1,15240,0,308,-93.68773,140
3,2008,1622,172,0,10226,0,860,-93.68899300000001,1622
2,1998,930,89,0,11214,930,431,-93.641281,930
2,1982,858,120,1,7252,0,576,-93.671849,173
2,1978,1427,252,0,10928,0,484,-93.63745,1064
1,1890,630,0,1,10800,0,320,-93.61225400000001,630
2,2005,858,0,1,8125,858,615,-93.642374,858
1,1959,1194,0,1,8760,0,312,-93.616582,1194
1,1967,1073,0,1,9981,0,270,-93.67417900000001,852
1,1935,1024,0,0,7010,594,240,-93.625926,849
1,1939,728,0,1,6125,546,224,-93.62471500000001,422
2,2008,1436,0,1,7993,0,529,-93.650417,1436
1,1953,864,63,1,11556,0,336,-93.617242,456
2,1920,596,36,1,7200,764,576,-93.613763,596
1,1955,1057,0,1,10519,0,288,-93.667188,1057
3,2006,1258,120,0,3922,0,648,-93.641716,1258
2,1988,1845,197,0,10400,0,604,-93.635486,916
2,2001,804,125,0,12209,1157,560,-93.603717,114
2,1961,1251,144,0,9600,0,441,-93.6270261,336
2,2000,952,224,0,8795,1276,554,-93.642813,652
3,2000,992,0,0,10316,873,839,-93.686189,257
1,1940,0,0,1,5925,0,308,-93.606842,0
0,1910,624,0,0,3300,0,0,-93.6148612,624
2,2007,1351,0,1,9627,0,610,-93.683435,1327
1,1966,1059,0,1,9000,0,286,-93.675606,286
2,1976,804,108,0,2308,744,440,-93.624729,498
3,2000,969,0,0,11000,1288,648,-93.65289399999999,969
3,2007,1620,228,0,12898,0,912,-93.65315,598
3,2005,1414,192,0,12151,917,1003,-93.65369,165
2,1927,851,291,0,7230,851,264,-93.64281,851
3,1993,1231,32,0,13143,1098,762,-93.65177299999999,0
2,1923,1065,0,0,8737,720,440,-93.627487,765
2,2001,1419,155,0,4385,0,588,-93.646989,455
1,1962,999,0,1,7758,0,264,-93.673889,411
0,1987,1200,120,1,10800,0,0,-93.658173,0
1,1927,656,0,1,10800,0,216,-93.612418,656
2,2001,1454,290,0,8529,0,527,-93.6888,1434
1,1954,948,0,0,8190,0,280,-93.663329,216
1,1937,780,0,0,9000,595,544,-93.6275137,780
2,1955,768,0,1,7200,564,480,-93.607799,398
2,1986,791,364,0,20544,857,542,-93.63914940000001,791
1,1957,1484,288,0,16321,0,319,-93.605727,207
3,2008,2020,192,0,12350,0,896,-93.654439,788
1,1962,1140,0,0,13673,0,349,-93.669552,1140
2,1926,861,96,1,7000,424,506,-93.62841,487
2,2003,848,140,1,4435,0,420,-93.681085,189
2,1940,801,187,1,7628,561,440,-93.6198478,801
2,1986,1606,192,0,12416,0,616,-93.646054,0
1,1977,675,406,1,8340,702,317,-93.686825,166
0,1947,0,0,1,8050,208,0,-93.664925,0
2,1958,951,0,1,8010,0,480,-93.60819599999999,206
2,1995,754,0,1,8453,855,525,-93.689769,392
1,1966,864,0,1,9477,0,264,-93.62649,524
1,1950,1113,0,0,9600,0,264,-93.62249399999999,506
2,2004,1436,139,1,8450,0,484,-93.684451,490
3,2001,1753,198,0,14781,0,748,-93.68569699999999,1753
1,1954,901,0,1,6000,0,281,-93.607724,901
2,2003,1054,0,0,8010,976,552,-93.639878,90
2,1981,2461,266,0,17778,0,676,-93.658232,0
2,2005,732,100,0,21930,1104,372,-93.64458,732
2,1964,780,328,1,9760,813,442,-93.604837,0
2,1962,912,0,0,9786,649,440,-93.60942,312
2,2005,783,0,0,10237,701,393,-93.645875,783
2,1977,1160,288,0,10005,866,505,-93.67398890000001,768
2,2003,812,0,1,8127,841,628,-93.639832,402
3,2008,2002,144,0,13214,0,746,-93.652495,2002
3,2002,1626,257,0,11248,0,702,-93.679805,567
2,1987,1064,441,0,5306,703,504,-93.63157199999999,354
3,2008,1734,52,0,13891,1088,1020,-93.657049,1734
3,2009,1555,185,0,10933,0,1138,-93.687067,534
3,2004,1836,125,0,11362,0,862,-93.65272399999999,797
3,2005,1614,144,1,11210,0,865,-93.688937,1594
2,2005,1468,0,0,10440,0,528,-93.642224,54
2,1966,1232,0,1,9600,0,490,-93.626137,534
3,2006,1746,201,0,14892,0,758,-93.635838,426
2,2001,1055,0,0,9240,1208,905,-93.685572,1055
1,1965,1187,200,0,8800,0,299,-93.630156,34
1,1955,960,0,1,9768,0,330,-93.62169899999999,613
1,1964,1728,155,1,10624,0,352,-93.624592,1424
2,2004,847,100,0,11796,1112,434,-93.643961,847
4,2005,1620,30,0,12539,1158,1150,-93.656801,538
3,2005,1964,0,0,11447,0,892,-93.647214,393
2,2000,756,0,1,2117,804,440,-93.645606,378
2,1963,1394,0,0,9500,0,514,-93.615686,785
1,1972,768,192,1,7200,0,396,-93.68316999999999,108
2,1966,660,188,0,7590,688,453,-93.60370400000001,148
2,2004,991,0,0,12552,956,678,-93.64277299999999,769
2,1978,1008,168,0,13014,0,484,-93.672241,480
2,1969,784,305,0,11075,800,530,-93.600066,29
3,2009,1544,0,1,12883,0,868,-93.6528306,1544
1,1926,960,0,0,6180,0,180,-93.6212119,960
2,2003,1122,143,0,11800,1340,452,-93.647199,356
2,2005,1362,142,0,3013,0,440,-93.642116,1346
2,1962,858,0,0,9247,858,490,-93.607422,539
3,1941,929,0,0,21299,0,791,-93.61547,929
1,1949,480,0,1,9000,0,308,-93.615012,430
3,1892,1107,0,0,22950,1518,840,-93.610438,1107
3,2004,1833,519,0,16033,0,772,-93.658788,572
3,2006,1094,246,0,12292,1371,675,-93.629174,889
3,2003,3206,0,0,10655,0,880,-93.6541267,1603
2,2004,600,0,1,3182,600,480,-93.644889,600
1,1958,912,0,1,10150,0,275,-93.616099,456
2,1975,1056,0,1,10140,0,495,-93.630348,268
3,2006,1302,0,1,8778,528,859,-93.642275,1302
1,1940,672,88,1,5400,0,308,-93.612269,672
1,1950,876,0,1,7200,0,276,-93.607957,246
2,1952,1632,0,0,31220,0,495,-93.622299,1632
1,1978,907,72,1,16269,0,343,-93.687212,282
3,2007,1542,168,0,11830,0,852,-93.64376899999999,322
3,1998,1284,0,0,16545,1140,1069,-93.652608,503
3,2002,1654,0,1,8125,0,900,-93.685571,668
2,1932,854,0,0,11275,895,432,-93.6428531,0
2,2002,860,386,1,8158,869,542,-93.68675,860
0,1900,1272,0,1,8777,928,0,-93.678304,188
3,1963,1572,0,0,35133,0,995,-93.662162,413
2,1924,949,0,0,6000,0,370,-93.624566,949
1,1976,264,141,0,2665,688,336,-93.604649,264
0,1955,0,0,1,6882,0,0,-93.66476800000001,0
1,1950,663,0,0,11479,0,467,-93.66356999999999,172
3,2005,1848,0,0,20431,880,706,-93.65308399999999,438
2,2003,698,100,0,8174,644,393,-93.640065,204
2,2000,756,0,0,2117,756,440,-93.645671,336
3,2007,1776,135,0,14257,978,754,-93.65627490000001,416
4,2000,1168,312,0,7939,1619,820,-93.6791251,348
1,1971,1043,0,1,8510,0,336,-93.62655,543
3,2005,1994,188,0,15431,0,878,-93.657967,564
2,1966,1104,0,0,14670,884,480,-93.61561400000001,529
2,1976,725,0,1,13517,754,475,-93.65921,192
2,2001,1593,0,0,4923,0,682,-93.633876,440
1,1941,672,0,1,5000,378,240,-93.625584,72
2,1995,773,224,0,8000,885,431,-93.637763,554
2,1950,864,194,1,7200,0,720,-93.607963,317
2,1999,696,0,1,2572,720,484,-93.645482,92
2,2007,1162,0,1,9260,0,483,-93.69124000000001,1162
1,1916,660,0,1,10410,704,180,-93.6144209,660
2,1971,782,0,1,10820,0,576,-93.678165,88
1,1956,1048,0,1,10152,0,286,-93.61398299999999,462
1,1972,630,0,1,1680,672,264,-93.629425,280
2,2000,1525,219,1,9100,0,541,-93.69260600000001,125
2,2005,1209,243,0,12867,1044,575,-93.654831,1209
1,1960,1269,0,0,7931,0,308,-93.606788,363
0,1970,546,0,0,1533,546,0,-93.601975,546
2,1983,840,240,1,9180,0,504,-93.685185,0
3,2005,1524,120,0,11643,814,784,-93.6531488,644
2,1957,1477,0,0,14442,0,416,-93.642883,291
3,2004,1884,214,0,15401,0,670,-93.627911,547
1,1920,951,0,1,7550,376,280,-93.65965899999999,951
2,1956,1048,0,0,13495,0,576,-93.622476,222
1,1975,938,145,1,9200,0,308,-93.685742,167
1,1962,864,0,0,7590,936,264,-93.603701,324
0,1955,0,0,1,6845,0,0,-93.665562,0
1,1959,1256,0,1,8000,0,311,-93.605971,292
2,1978,855,147,0,2364,601,440,-93.62569599999999,576
1,1926,624,530,0,7000,736,312,-93.646619,200
2,1992,1055,635,0,11218,790,462,-93.687694,1055
2,1952,0,0,0,12048,0,569,-93.666255,0
2,1967,1510,0,1,9680,0,517,-93.62753599999999,500
2,1957,1392,0,0,11900,0,458,-93.613077,352
1,1940,788,0,0,7200,0,240,-93.61544599999999,278
2,2006,1241,0,1,4274,0,569,-93.646576,135
2,1974,1064,0,0,10140,0,478,-93.63143199999999,1064
2,2005,750,0,1,8846,750,564,-93.683435,750
2,1976,911,0,1,10780,0,576,-93.68662900000001,428
3,2002,1778,182,0,14860,0,715,-93.68522,240
1,1967,882,0,1,9819,0,280,-93.672096,432
3,1995,2109,236,0,10437,0,839,-93.653929,413
2,1946,979,0,1,7136,979,492,-93.6435257,495
3,2006,1694,0,0,11825,0,856,-93.6569765,1694
2,1908,907,486,0,45600,1051,360,-93.663054,907
3,2003,1650,503,0,53504,1589,841,-93.62655,234
2,2000,1494,96,1,5330,0,499,-93.634341,298
1,1977,894,192,1,6285,0,308,-93.67700699999999,405
2,1978,945,400,0,10530,912,482,-93.63532590000001,945
2,2005,1336,136,1,8772,0,502,-93.685872,340
2,1991,1680,428,0,9990,0,432,-93.602429,297
3,1999,1177,298,0,15896,1089,658,-93.641367,264
1,1930,728,0,1,6120,434,258,-93.624553,381
1,1957,1176,0,0,8856,0,292,-93.618634,503
3,2007,1698,327,0,13286,0,768,-93.676608,464
1,1936,672,0,1,6000,567,240,-93.624564,0
0,1918,1020,0,1,4761,0,0,-93.60686899999999,1020
1,1900,859,68,1,8712,319,384,-93.606593,859
2,2004,798,138,1,8366,842,520,-93.69124599999999,798
2,1954,1364,224,0,53227,0,529,-93.666216,248
2,1968,1388,0,0,12000,0,522,-93.680401,535
3,2006,1670,0,0,15218,0,928,-93.64208199999999,108
2,1970,2217,81,0,15865,0,621,-93.61728000000001,1043
1,1957,1179,0,0,8400,0,331,-93.618625,556
2,1969,1054,180,1,9750,0,460,-93.627875,14
1,1924,468,0,1,6000,320,320,-93.621677,248
1,1930,297,244,0,4960,653,336,-93.625968,297
2,2004,384,100,0,11084,630,400,-93.643062,192
2,1970,768,104,1,7244,0,624,-93.6015199,149
1,1982,816,0,0,6600,0,264,-93.60391700000001,175
2,1970,1008,0,0,8000,1008,570,-93.635094,93
1,1936,1064,0,1,10480,0,240,-93.64673499999999,1064
1,1967,892,0,1,7150,0,288,-93.62560359999999,460
1,1958,912,12,1,7535,0,297,-93.621352,522
2,1982,845,0,1,7599,0,360,-93.604858,280
2,2002,817,0,0,11316,1070,510,-93.647645,193
1,1950,1032,0,1,9600,220,288,-93.622644,752
0,1945,370,0,1,3500,228,0,-93.628654,226
2,1999,953,0,0,7917,694,460,-93.641279,953
2,1965,1728,0,1,11072,0,576,-93.62462,1728
1,1965,894,416,0,8450,0,336,-93.670956,224
2,1981,725,167,0,12090,754,484,-93.637816,404
2,1953,1505,0,0,12160,0,505,-93.625633,481
0,2006,1100,0,1,7500,0,0,-93.69179,1100
2,2006,1461,0,1,7441,0,566,-93.691244,1461
2,2006,1372,0,0,7500,0,692,-93.64877800000001,1348
2,1961,1235,0,1,8500,0,480,-93.616012,635
1,1970,914,120,1,7920,0,368,-93.626722,214
1,1927,728,0,0,9863,728,374,-93.6190848,322
1,1962,1040,0,1,6897,0,260,-93.669688,381
3,1969,1100,144,1,41600,0,828,-93.622874,53
2,1967,1013,486,1,28698,966,538,-93.68256459999999,0
1,1970,864,0,1,9353,0,280,-93.625373,864
1,1915,840,0,1,15576,840,308,-93.6447083,840
1,1940,672,168,1,10200,0,240,-93.660673,672
2,1963,1120,192,1,8700,0,525,-93.62925899999999,344
2,1993,1152,162,0,12961,645,616,-93.60014699999999,208
0,1940,416,0,1,5400,0,0,-93.6117397,416
2,1968,720,192,0,11227,720,480,-93.673565,0
1,1954,833,0,1,5400,0,326,-93.61337259999999,418
3,2001,1479,0,0,16900,1134,746,-93.655587,404
3,2000,1540,247,0,9233,1315,774,-93.6532,358
3,1932,637,0,0,12320,650,579,-93.6416718,637
2,1977,1361,155,0,18890,1259,600,-93.6574973,652
3,2006,1035,400,1,12104,1240,617,-93.641283,1035
2,1977,1160,690,0,33983,0,672,-93.60678,48
2,1991,1454,114,0,9928,0,506,-93.60250500000001,215
2,2003,1273,143,0,3196,0,400,-93.640287,1273
0,1920,720,0,1,7879,0,0,-93.605207,225
2,2004,551,0,1,5105,551,480,-93.645482,312
2,1958,960,0,1,9750,0,624,-93.606195,960
2,1975,1390,0,0,16647,0,611,-93.66198299999999,0
2,1955,1005,0,0,10434,0,672,-93.6124,1005
2,1968,1051,0,1,9600,0,504,-93.625976,293
0,1914,742,0,0,6300,742,0,-93.613845,742
